{"stats":{"minecraft:dropped":{"minecraft:gravel":5,"minecraft:water_bucket":1,"minecraft:furnace":1,"minecraft:birch_planks":1,"minecraft:wheat_seeds":6,"minecraft:cobbled_deepslate":300,"minecraft:glass_bottle":1,"minecraft:diamond":1,"minecraft:tuff":64,"minecraft:stick":18,"minecraft:dirt":4,"minecraft:iron_chestplate":4,"minecraft:arrow":5,"minecraft:wooden_pickaxe":1,"vampirism:ring":1,"minecraft:bucket":3},"minecraft:mined":{"minecraft:tuff":12,"minecraft:dandelion":11,"minecraft:crafting_table":2,"minecraft:torch":1,"minecraft:granite":1,"minecraft:grass_block":8,"minecraft:poppy":6,"minecraft:tall_grass":2,"minecraft:cobblestone":11,"minecraft:deepslate_gold_ore":2,"twilightforest:mayapple":2,"minecraft:wall_torch":4,"twilightforest:mushgloom":2,"minecraft:furnace":1,"minecraft:birch_log":5,"minecraft:iron_ore":37,"minecraft:birch_leaves":2,"twilightforest:root":1,"minecraft:deepslate_lapis_ore":4,"minecraft:grass":80,"minecraft:oak_log":6,"minecraft:coal_ore":7,"minecraft:deepslate_iron_ore":7,"minecraft:dirt":6,"minecraft:cobweb":29,"minecraft:stone":24,"minecraft:deepslate":45},"minecraft:used":{"minecraft:cooked_mutton":1,"minecraft:water_bucket":13,"minecraft:stone_sword":70,"minecraft:stone_pickaxe":59,"minecraft:shield":5,"minecraft:poppy":6,"minecraft:chest":1,"minecraft:wooden_pickaxe":9,"minecraft:cooked_chicken":5,"minecraft:torch":10,"minecraft:dirt":6,"minecraft:mutton":1,"justhammers:diamond_hammer":60,"minecraft:crafting_table":3,"justhammers:iron_hammer":56,"sophisticatedbackpacks:backpack":1,"minecraft:brown_wool":1,"minecraft:iron_pickaxe":80,"twilightforest:mushgloom":2,"minecraft:diamond_sword":49,"minecraft:stone_axe":24,"minecraft:cobblestone":6,"minecraft:furnace":1,"minecraft:bucket":14,"tombstone:gift":6,"minecraft:cooked_beef":15,"minecraft:cobbled_deepslate":109,"minecraft:dandelion":11},"minecraft:crafted":{"minecraft:cooked_beef":12,"minecraft:oak_planks":24,"minecraft:diamond_sword":1,"minecraft:crafting_table":2,"minecraft:wooden_pickaxe":1,"minecraft:cooked_chicken":4,"minecraft:furnace":1,"minecraft:bucket":1,"minecraft:birch_planks":20,"minecraft:stone_axe":1,"minecraft:cooked_mutton":1,"minecraft:air":0,"justhammers:iron_hammer":1,"minecraft:stick":24,"minecraft:iron_ingot":66,"justhammers:diamond_hammer":1,"minecraft:iron_pickaxe":1,"minecraft:stone_pickaxe":1,"minecraft:stone_sword":1,"minecraft:chest":1,"minecraft:torch":12},"minecraft:killed":{"minecraft:cave_spider":1,"vampirism:advanced_vampire":1,"minecraft:spider":2,"minecraft:creeper":2,"twilightforest:skeleton_druid":1,"minecraft:skeleton":4,"minecraft:zombie":7,"minecraft:chicken":4,"twilightforest:bighorn_sheep":1,"minecraft:cow":7},"minecraft:killed_by":{"vampirism:advanced_vampire":1,"minecraft:zombie":1,"twilightforest:kobold":1},"minecraft:picked_up":{"minecraft:birch_log":5,"minecraft:crafting_table":2,"minecraft:iron_chestplate":4,"minecraft:cooked_beef":5,"minecraft:feather":5,"minecraft:chicken":4,"minecraft:water_bucket":1,"minecraft:brown_wool":1,"minecraft:leather":9,"minecraft:birch_planks":1,"minecraft:flint":3,"minecraft:tuff":25,"minecraft:oak_log":6,"minecraft:shield":1,"minecraft:gunpowder":2,"minecraft:dirt":10,"minecraft:lapis_lazuli":59,"minecraft:string":29,"minecraft:bone":5,"minecraft:gold_nugget":2,"minecraft:bow":1,"minecraft:wheat_seeds":11,"minecraft:diamond_leggings":1,"minecraft:cobbled_deepslate":500,"minecraft:raw_gold":12,"minecraft:bucket":3,"minecraft:beef":12,"minecraft:cooked_chicken":1,"minecraft:poppy":6,"minecraft:diamond_helmet":1,"minecraft:glass_bottle":1,"minecraft:oak_planks":22,"minecraft:furnace":2,"twilightforest:mushgloom":2,"minecraft:raw_iron":69,"minecraft:stick":23,"minecraft:acacia_log":1,"minecraft:torch":13,"minecraft:dandelion":11,"sophisticatedbackpacks:backpack":1,"minecraft:gravel":5,"tombstone:grave_dust":2,"minecraft:redstone":63,"minecraft:spider_eye":1,"vampirism:blood_bottle":1,"minecraft:arrow":14,"minecraft:rotten_flesh":10,"minecraft:diamond_chestplate":1,"minecraft:diamond":11,"minecraft:iron_helmet":1,"minecraft:diamond_boots":1,"minecraft:granite":1,"minecraft:mutton":1,"minecraft:coal":30,"minecraft:cobblestone":22},"minecraft:custom":{"minecraft:interact_with_furnace":34,"minecraft:mob_kills":30,"minecraft:interact_with_crafting_table":19,"minecraft:leave_game":1,"minecraft:time_since_death":35420,"minecraft:climb_one_cm":485,"minecraft:time_since_rest":34780,"minecraft:sprint_one_cm":360143,"minecraft:damage_taken":2451,"minecraft:walk_one_cm":249934,"minecraft:damage_blocked_by_shield":270,"minecraft:drop":34,"minecraft:damage_dealt":4550,"minecraft:swim_one_cm":10243,"minecraft:fly_one_cm":977895,"minecraft:open_chest":26,"minecraft:play_time":106288,"minecraft:crouch_one_cm":6982,"minecraft:sneak_time":3354,"tombstone:undead_killed":12,"minecraft:deaths":4,"minecraft:walk_under_water_one_cm":28114,"minecraft:jump":1693,"minecraft:walk_on_water_one_cm":24982,"minecraft:total_world_time":106288,"minecraft:fall_one_cm":39013}},"DataVersion":3465}