{"stats":{"minecraft:used":{"minecraft:stone_sword":70,"minecraft:poppy":6,"minecraft:chest":1,"minecraft:shield":5,"minecraft:cooked_chicken":5,"minecraft:torch":10,"minecraft:dirt":51,"minecraft:mutton":1,"minecraft:carrot":1,"evilcraft:flesh_humanoid":1,"minecraft:written_book":2,"minecraft:cooked_cod":4,"minecraft:furnace":2,"tombstone:gift":9,"minecraft:cooked_beef":22,"minecraft:cobbled_deepslate":130,"minecraft:cooked_mutton":12,"minecraft:water_bucket":14,"minecraft:stone_pickaxe":59,"minecraft:oak_planks":14,"minecraft:wooden_pickaxe":9,"vampirism:human_heart":1,"atlantis:sword_aquamarine":42,"minecraft:crafting_table":3,"justhammers:diamond_hammer":67,"justhammers:iron_hammer":56,"sophisticatedbackpacks:backpack":1,"minecraft:diamond_pickaxe":66,"minecraft:brown_wool":1,"minecraft:iron_pickaxe":81,"twilightforest:mushgloom":2,"minecraft:stone_axe":27,"minecraft:diamond_sword":132,"minecraft:cobblestone":53,"minecraft:bucket":15,"minecraft:dandelion":11},"minecraft:picked_up":{"minecraft:crafting_table":3,"minecraft:iron_chestplate":4,"minecraft:wheat":4,"minecraft:chicken":4,"minecraft:prismarine_shard":1,"minecraft:enchanted_book":1,"minecraft:shield":1,"minecraft:string":53,"minecraft:diamond_leggings":1,"minecraft:gold_nugget":4,"minecraft:cobbled_deepslate":508,"minecraft:bucket":3,"minecraft:beef":20,"minecraft:written_book":2,"minecraft:poppy":6,"minecraft:furnace":3,"minecraft:stick":23,"minecraft:raw_iron":77,"minecraft:torch":13,"minecraft:acacia_log":1,"sophisticatedbackpacks:backpack":1,"minecraft:porkchop":34,"vampirism:vampire_fang":1,"tombstone:grave_dust":6,"minecraft:diorite":6,"minecraft:carrot":1,"minecraft:redstone":63,"minecraft:prismarine_crystals":1,"atlantis:aquamarine_chestplate":1,"minecraft:diamond_chestplate":1,"minecraft:arrow":19,"vampirism:blood_bottle":6,"minecraft:rotten_flesh":24,"minecraft:diamond_boots":1,"sophisticatedbackpacks:copper_backpack":1,"evilcraft:condensed_blood":1,"minecraft:mutton":18,"alexsmobs:kangaroo_meat":2,"minecraft:cobblestone":85,"minecraft:birch_log":5,"vampirism:vampire_book":1,"minecraft:feather":5,"minecraft:cooked_beef":5,"minecraft:water_bucket":1,"minecraft:salmon":2,"minecraft:brown_wool":3,"atlantis:sword_aquamarine":1,"minecraft:leather":14,"minecraft:birch_planks":1,"minecraft:flint":3,"minecraft:tuff":25,"minecraft:oak_log":6,"minecraft:gunpowder":3,"minecraft:acacia_boat":1,"minecraft:lapis_lazuli":59,"minecraft:dirt":95,"minecraft:bone":14,"vampirism:human_heart":1,"minecraft:bow":2,"vampirism:altar_pillar":1,"minecraft:wheat_seeds":19,"minecraft:raw_gold":12,"alexsmobs:cockroach_wing_fragment":1,"minecraft:cooked_chicken":1,"minecraft:diamond_helmet":1,"minecraft:glass_bottle":6,"minecraft:oak_planks":25,"twilightforest:mushgloom":2,"minecraft:dandelion":11,"minecraft:gravel":11,"alexsmobs:animal_dictionary":3,"minecraft:spider_eye":1,"minecraft:diamond":11,"minecraft:iron_helmet":1,"minecraft:granite":1,"minecraft:coal":58,"minecraft:ender_pearl":1},"minecraft:mined":{"minecraft:tuff":12,"minecraft:granite":1,"minecraft:grass_block":23,"twilightforest:mushgloom":2,"minecraft:furnace":1,"minecraft:iron_ore":38,"minecraft:cobbled_deepslate":7,"minecraft:deepslate_lapis_ore":4,"minecraft:deepslate_iron_ore":7,"minecraft:stone":65,"minecraft:dandelion":11,"minecraft:crafting_table":2,"minecraft:torch":1,"minecraft:poppy":6,"minecraft:tall_grass":2,"minecraft:cobblestone":23,"minecraft:deepslate_gold_ore":2,"minecraft:oak_planks":3,"twilightforest:mayapple":2,"minecraft:diorite":2,"minecraft:wall_torch":4,"minecraft:birch_log":5,"minecraft:birch_leaves":2,"twilightforest:root":1,"minecraft:grass":108,"minecraft:oak_log":6,"minecraft:coal_ore":7,"minecraft:gravel":6,"minecraft:dirt":27,"minecraft:cobweb":29,"minecraft:deepslate":45},"minecraft:killed_by":{"vampirism:advanced_vampire":2,"minecraft:enderman":1,"twilightforest:kobold":1,"minecraft:skeleton":4,"minecraft:zombie":1},"minecraft:dropped":{"minecraft:water_bucket":1,"minecraft:birch_planks":1,"minecraft:wheat_seeds":8,"evilcraft:condensed_blood":1,"minecraft:glass_bottle":1,"minecraft:diamond":1,"minecraft:stick":18,"minecraft:dirt":4,"vampirism:altar_pillar":1,"minecraft:iron_pickaxe":1,"vampirism:ring":1,"minecraft:bucket":3,"minecraft:gravel":5,"minecraft:furnace":1,"alexsmobs:animal_dictionary":1,"minecraft:cobbled_deepslate":300,"minecraft:tuff":64,"minecraft:rotten_flesh":1,"vampirism:blood_bottle":1,"minecraft:iron_chestplate":4,"minecraft:arrow":5,"minecraft:bow":1,"minecraft:wooden_pickaxe":1},"minecraft:custom":{"minecraft:mob_kills":61,"minecraft:interact_with_crafting_table":24,"minecraft:leave_game":4,"minecraft:time_since_death":14488,"minecraft:climb_one_cm":485,"minecraft:sprint_one_cm":593738,"minecraft:walk_one_cm":386921,"minecraft:damage_blocked_by_shield":270,"minecraft:drop":43,"minecraft:damage_dealt_absorbed":80,"minecraft:play_time":270795,"minecraft:deaths":12,"minecraft:sneak_time":6233,"minecraft:walk_under_water_one_cm":43069,"minecraft:boat_one_cm":244654,"minecraft:jump":3317,"minecraft:walk_on_water_one_cm":38742,"minecraft:total_world_time":270795,"vampirism:blood_drunk":2000,"vampirism:altar_of_inspiration_rituals_performed":24,"minecraft:interact_with_furnace":60,"minecraft:time_since_rest":13769,"minecraft:damage_taken":5667,"tombstone:sneak_grave":7,"minecraft:damage_dealt":11814,"minecraft:swim_one_cm":54395,"minecraft:fly_one_cm":2027666,"minecraft:open_chest":124,"minecraft:crouch_one_cm":12898,"tombstone:undead_killed":28,"minecraft:fall_one_cm":78714},"minecraft:crafted":{"minecraft:oak_planks":24,"minecraft:cooked_chicken":4,"minecraft:furnace":1,"minecraft:cooked_mutton":14,"sophisticatedbackpacks:smelting_upgrade":1,"minecraft:stone_pickaxe":1,"justhammers:diamond_hammer":1,"minecraft:chest":1,"minecraft:cooked_beef":20,"minecraft:diamond_sword":1,"minecraft:crafting_table":2,"minecraft:wooden_pickaxe":1,"alexsmobs:cooked_kangaroo_meat":2,"minecraft:bucket":1,"minecraft:birch_planks":20,"minecraft:stone_axe":1,"sophisticatedbackpacks:upgrade_base":1,"minecraft:air":0,"atlantis:aquamarine_gem":26,"justhammers:iron_hammer":1,"minecraft:diamond_pickaxe":1,"minecraft:stick":28,"minecraft:iron_ingot":66,"minecraft:iron_pickaxe":1,"minecraft:stone_sword":1,"minecraft:torch":12},"minecraft:killed":{"vampirism:vampire":2,"minecraft:cave_spider":1,"vampirism:advanced_vampire":1,"minecraft:spider":5,"minecraft:skeleton":9,"minecraft:guardian":1,"minecraft:chicken":4,"minecraft:salmon":2,"twilightforest:kobold":2,"minecraft:creeper":3,"twilightforest:skeleton_druid":1,"minecraft:zombie":18,"alexsmobs:cockroach":1,"minecraft:cow":7,"twilightforest:bighorn_sheep":3}},"DataVersion":3465}