{"stats":{"minecraft:mined":{"minecraft:tuff":1,"minecraft:dandelion":2,"minecraft:crafting_table":2,"minecraft:granite":1,"minecraft:poppy":2,"minecraft:tall_grass":1,"minecraft:deepslate_gold_ore":2,"minecraft:wall_torch":3,"minecraft:furnace":1,"minecraft:birch_log":5,"minecraft:iron_ore":37,"minecraft:birch_leaves":2,"minecraft:deepslate_lapis_ore":4,"minecraft:grass":6,"minecraft:oak_log":6,"minecraft:coal_ore":6,"minecraft:deepslate_iron_ore":7,"minecraft:cobweb":29,"minecraft:stone":22,"minecraft:deepslate":4},"minecraft:killed_by":{"vampirism:advanced_vampire":1,"minecraft:zombie":1},"minecraft:used":{"minecraft:cooked_mutton":1,"minecraft:water_bucket":3,"minecraft:stone_sword":54,"minecraft:stone_pickaxe":59,"minecraft:poppy":2,"minecraft:wooden_pickaxe":9,"minecraft:cooked_chicken":5,"minecraft:torch":5,"minecraft:crafting_table":3,"justhammers:iron_hammer":52,"minecraft:iron_pickaxe":15,"minecraft:stone_axe":24,"minecraft:cobblestone":6,"minecraft:furnace":1,"minecraft:bucket":4,"tombstone:gift":1,"minecraft:cooked_beef":2,"minecraft:cobbled_deepslate":6,"minecraft:dandelion":2},"minecraft:dropped":{"minecraft:cobbled_deepslate":290,"minecraft:tuff":64,"vampirism:ring":1},"minecraft:custom":{"minecraft:interact_with_furnace":26,"minecraft:mob_kills":13,"minecraft:interact_with_crafting_table":11,"minecraft:time_since_death":19133,"minecraft:time_since_rest":17668,"minecraft:sprint_one_cm":109006,"minecraft:damage_taken":923,"minecraft:walk_one_cm":69627,"minecraft:drop":7,"minecraft:damage_dealt":1559,"minecraft:swim_one_cm":5657,"minecraft:fly_one_cm":111439,"minecraft:crouch_one_cm":4150,"minecraft:play_time":38541,"tombstone:undead_killed":3,"minecraft:deaths":2,"minecraft:sneak_time":2195,"minecraft:walk_under_water_one_cm":5201,"minecraft:jump":532,"minecraft:walk_on_water_one_cm":4610,"minecraft:total_world_time":38541,"minecraft:fall_one_cm":14528},"minecraft:picked_up":{"minecraft:birch_log":5,"minecraft:crafting_table":2,"minecraft:iron_chestplate":1,"minecraft:feather":5,"minecraft:chicken":4,"minecraft:leather":4,"minecraft:flint":3,"minecraft:tuff":25,"minecraft:oak_log":6,"minecraft:shield":1,"minecraft:lapis_lazuli":25,"minecraft:string":27,"minecraft:bone":1,"minecraft:bow":1,"minecraft:cobbled_deepslate":455,"minecraft:raw_gold":10,"minecraft:beef":9,"minecraft:cooked_chicken":1,"minecraft:poppy":2,"minecraft:furnace":1,"minecraft:raw_iron":51,"minecraft:torch":3,"minecraft:dandelion":2,"minecraft:gravel":5,"minecraft:redstone":55,"minecraft:arrow":2,"vampirism:blood_bottle":1,"minecraft:rotten_flesh":2,"minecraft:diamond":11,"minecraft:granite":1,"minecraft:coal":6,"minecraft:cobblestone":22},"minecraft:crafted":{"minecraft:cooked_beef":9,"minecraft:oak_planks":24,"minecraft:crafting_table":2,"minecraft:wooden_pickaxe":1,"minecraft:cooked_chicken":4,"minecraft:furnace":1,"minecraft:bucket":1,"minecraft:birch_planks":20,"minecraft:stone_axe":1,"minecraft:cooked_mutton":1,"minecraft:air":0,"justhammers:iron_hammer":1,"minecraft:stick":16,"minecraft:iron_ingot":9,"minecraft:iron_pickaxe":1,"minecraft:stone_pickaxe":1,"minecraft:stone_sword":1,"minecraft:torch":12},"minecraft:killed":{"minecraft:cave_spider":1,"vampirism:advanced_vampire":1,"minecraft:skeleton":1,"minecraft:zombie":2,"minecraft:chicken":4,"minecraft:cow":4}},"DataVersion":3465}