{"stats":{"minecraft:crafted":{"minecraft:cooked_porkchop":2,"minecraft:crafting_table":1,"minecraft:spruce_planks":24,"minecraft:stone_axe":1,"minecraft:air":0,"minecraft:stick":8,"minecraft:iron_ingot":3,"minecraft:iron_pickaxe":1,"minecraft:stone_pickaxe":1,"minecraft:spruce_boat":1},"minecraft:dropped":{"minecraft:kelp":5,"minecraft:wheat_seeds":1,"minecraft:rotten_flesh":11},"minecraft:custom":{"minecraft:interact_with_furnace":9,"minecraft:mob_kills":19,"minecraft:interact_with_crafting_table":5,"minecraft:damage_dealt_resisted":318,"minecraft:leave_game":2,"minecraft:time_since_death":11015,"minecraft:time_since_rest":10639,"minecraft:sprint_one_cm":225715,"minecraft:damage_taken":1378,"minecraft:walk_one_cm":126817,"minecraft:drop":3,"minecraft:damage_dealt":2928,"minecraft:damage_dealt_absorbed":61,"minecraft:swim_one_cm":63765,"minecraft:fly_one_cm":191726,"minecraft:open_chest":5,"minecraft:crouch_one_cm":5964,"minecraft:play_time":54810,"tombstone:undead_killed":11,"minecraft:deaths":2,"minecraft:sneak_time":2238,"minecraft:walk_under_water_one_cm":17601,"minecraft:boat_one_cm":106009,"minecraft:jump":1101,"minecraft:walk_on_water_one_cm":23786,"minecraft:total_world_time":54810,"minecraft:fall_one_cm":19765},"minecraft:used":{"minecraft:stone_pickaxe":37,"minecraft:wooden_pickaxe":19,"minecraft:rotten_flesh":18,"minecraft:salmon":1,"minecraft:dirt":4,"minecraft:crafting_table":3,"minecraft:cod":1,"minecraft:snowball":2,"minecraft:spruce_boat":1,"minecraft:iron_pickaxe":29,"minecraft:stone_axe":31,"minecraft:wooden_sword":56,"minecraft:cobblestone":9,"minecraft:sweet_berries":43,"minecraft:cooked_porkchop":2,"tombstone:gift":2,"alexsmobs:animal_dictionary":1},"minecraft:killed_by":{"minecraft:skeleton":2},"minecraft:broken":{"minecraft:wooden_sword":1},"minecraft:picked_up":{"minecraft:crafting_table":3,"minecraft:salmon":1,"minecraft:brown_mushroom":4,"minecraft:wooden_pickaxe":1,"alexsmobs:cachalot_whale_tooth":1,"minecraft:shield":1,"minecraft:gunpowder":2,"minecraft:dirt":6,"minecraft:string":2,"minecraft:raw_copper":27,"minecraft:wooden_sword":1,"minecraft:bone":2,"minecraft:kelp":5,"atlantis:ancient_metal_ore":10,"minecraft:wheat_seeds":1,"minecraft:spruce_planks":2,"minecraft:oak_planks":1,"minecraft:raw_iron":5,"minecraft:pumpkin":3,"minecraft:sweet_berries":40,"minecraft:spruce_stairs":1,"minecraft:gravel":2,"minecraft:ink_sac":3,"tombstone:grave_dust":1,"minecraft:spruce_log":6,"minecraft:spider_eye":1,"minecraft:bundle":1,"minecraft:arrow":2,"minecraft:rotten_flesh":29,"minecraft:spruce_boat":1,"minecraft:granite":1,"tombstone:essence_of_undeath":1,"alexsmobs:banana_slug_slime":1,"minecraft:coal":27,"minecraft:cod":1,"minecraft:snowball":17,"minecraft:cobblestone":21},"minecraft:killed":{"vampirism:vampire":2,"minecraft:pig":1,"minecraft:salmon":1,"minecraft:cod":1,"alexsmobs:seagull":1,"minecraft:creeper":1,"minecraft:zombie":11,"alexsmobs:banana_slug":1},"minecraft:mined":{"minecraft:oak_slab":1,"minecraft:spruce_planks":2,"minecraft:brown_mushroom":1,"minecraft:powder_snow":17,"minecraft:crafting_table":3,"minecraft:granite":1,"minecraft:grass_block":1,"minecraft:copper_ore":7,"minecraft:cobblestone":3,"minecraft:spruce_leaves":9,"minecraft:oak_planks":1,"minecraft:large_fern":2,"minecraft:spruce_stairs":1,"minecraft:iron_ore":6,"minecraft:sweet_berry_bush":2,"minecraft:spruce_log":4,"minecraft:pumpkin":3,"minecraft:grass":2,"minecraft:coal_ore":27,"minecraft:gravel":2,"atlantis:ancient_metal_ore":11,"minecraft:stone":17,"minecraft:fern":4}},"DataVersion":3465}