{"stats":{"minecraft:crafted":{"minecraft:cooked_porkchop":2,"minecraft:spruce_planks":12,"minecraft:stone_axe":1,"minecraft:air":0,"minecraft:stick":8,"minecraft:iron_ingot":3,"minecraft:iron_pickaxe":1,"minecraft:stone_pickaxe":1},"minecraft:dropped":{"minecraft:kelp":5,"minecraft:wheat_seeds":1},"minecraft:custom":{"minecraft:interact_with_furnace":9,"minecraft:mob_kills":14,"minecraft:interact_with_crafting_table":4,"minecraft:damage_dealt_resisted":318,"minecraft:leave_game":2,"minecraft:time_since_death":18546,"minecraft:time_since_rest":16147,"minecraft:sprint_one_cm":174493,"minecraft:damage_taken":955,"minecraft:walk_one_cm":105457,"minecraft:drop":2,"minecraft:damage_dealt":2060,"minecraft:damage_dealt_absorbed":61,"minecraft:swim_one_cm":38070,"minecraft:fly_one_cm":154231,"minecraft:open_chest":1,"minecraft:crouch_one_cm":5909,"minecraft:play_time":42810,"tombstone:undead_killed":7,"minecraft:deaths":1,"minecraft:sneak_time":2187,"minecraft:walk_under_water_one_cm":13784,"minecraft:boat_one_cm":59019,"minecraft:jump":887,"minecraft:walk_on_water_one_cm":20615,"minecraft:total_world_time":42810,"minecraft:fall_one_cm":16601},"minecraft:used":{"minecraft:stone_pickaxe":37,"minecraft:wooden_pickaxe":19,"minecraft:rotten_flesh":10,"minecraft:salmon":1,"minecraft:dirt":4,"minecraft:crafting_table":2,"minecraft:cod":1,"minecraft:snowball":2,"minecraft:iron_pickaxe":11,"minecraft:stone_axe":10,"minecraft:wooden_sword":56,"minecraft:cobblestone":9,"minecraft:sweet_berries":43,"minecraft:cooked_porkchop":2,"alexsmobs:animal_dictionary":1},"minecraft:killed_by":{"minecraft:skeleton":1},"minecraft:broken":{"minecraft:wooden_sword":1},"minecraft:picked_up":{"minecraft:crafting_table":2,"minecraft:salmon":1,"minecraft:brown_mushroom":4,"minecraft:wooden_pickaxe":1,"minecraft:shield":1,"minecraft:gunpowder":2,"minecraft:dirt":5,"minecraft:string":2,"minecraft:raw_copper":27,"minecraft:wooden_sword":1,"minecraft:bone":2,"minecraft:kelp":5,"atlantis:ancient_metal_ore":2,"minecraft:wheat_seeds":1,"minecraft:sweet_berries":40,"minecraft:gravel":2,"tombstone:grave_dust":1,"minecraft:spruce_log":3,"minecraft:spider_eye":1,"minecraft:arrow":2,"minecraft:rotten_flesh":14,"minecraft:spruce_boat":1,"minecraft:granite":1,"tombstone:essence_of_undeath":1,"alexsmobs:banana_slug_slime":1,"minecraft:coal":27,"minecraft:cod":1,"minecraft:snowball":17,"minecraft:cobblestone":20},"minecraft:killed":{"vampirism:vampire":1,"minecraft:pig":1,"minecraft:salmon":1,"minecraft:cod":1,"alexsmobs:seagull":1,"minecraft:creeper":1,"minecraft:zombie":7,"alexsmobs:banana_slug":1},"minecraft:mined":{"minecraft:brown_mushroom":1,"minecraft:powder_snow":17,"minecraft:crafting_table":2,"minecraft:granite":1,"minecraft:copper_ore":7,"minecraft:cobblestone":3,"minecraft:spruce_leaves":6,"minecraft:large_fern":2,"minecraft:iron_ore":1,"minecraft:sweet_berry_bush":2,"minecraft:spruce_log":1,"minecraft:grass":2,"minecraft:coal_ore":27,"minecraft:gravel":2,"minecraft:stone":15,"minecraft:fern":4}},"DataVersion":3465}