{"stats":{"minecraft:dropped":{"minecraft:gravel":5,"minecraft:water_bucket":1,"minecraft:wheat_seeds":6,"minecraft:cobbled_deepslate":300,"minecraft:glass_bottle":1,"minecraft:diamond":1,"minecraft:tuff":64,"minecraft:stick":2,"minecraft:dirt":4,"minecraft:iron_chestplate":4,"minecraft:wooden_pickaxe":1,"vampirism:ring":1,"minecraft:bucket":3},"minecraft:mined":{"minecraft:tuff":12,"minecraft:dandelion":11,"minecraft:crafting_table":2,"minecraft:torch":1,"minecraft:granite":1,"minecraft:grass_block":7,"minecraft:poppy":6,"minecraft:tall_grass":2,"minecraft:cobblestone":11,"minecraft:deepslate_gold_ore":2,"twilightforest:mayapple":1,"minecraft:wall_torch":4,"minecraft:furnace":1,"minecraft:birch_log":5,"minecraft:iron_ore":37,"minecraft:birch_leaves":2,"twilightforest:root":1,"minecraft:deepslate_lapis_ore":4,"minecraft:grass":26,"minecraft:oak_log":6,"minecraft:coal_ore":7,"minecraft:deepslate_iron_ore":7,"minecraft:dirt":6,"minecraft:cobweb":29,"minecraft:stone":24,"minecraft:deepslate":45},"minecraft:used":{"minecraft:cooked_mutton":1,"minecraft:water_bucket":13,"minecraft:stone_sword":65,"minecraft:stone_pickaxe":59,"minecraft:poppy":6,"minecraft:wooden_pickaxe":9,"minecraft:cooked_chicken":5,"minecraft:torch":9,"minecraft:dirt":5,"justhammers:diamond_hammer":60,"minecraft:crafting_table":3,"justhammers:iron_hammer":56,"minecraft:iron_pickaxe":80,"minecraft:stone_axe":24,"minecraft:cobblestone":6,"minecraft:furnace":1,"minecraft:bucket":14,"tombstone:gift":1,"minecraft:cooked_beef":7,"minecraft:cobbled_deepslate":109,"minecraft:dandelion":11},"minecraft:crafted":{"minecraft:cooked_beef":9,"minecraft:oak_planks":24,"minecraft:crafting_table":2,"minecraft:wooden_pickaxe":1,"minecraft:cooked_chicken":4,"minecraft:furnace":1,"minecraft:bucket":1,"minecraft:birch_planks":20,"minecraft:stone_axe":1,"minecraft:cooked_mutton":1,"minecraft:air":0,"justhammers:iron_hammer":1,"minecraft:stick":24,"minecraft:iron_ingot":9,"justhammers:diamond_hammer":1,"minecraft:iron_pickaxe":1,"minecraft:stone_pickaxe":1,"minecraft:stone_sword":1,"minecraft:torch":12},"minecraft:killed":{"minecraft:cave_spider":1,"vampirism:advanced_vampire":1,"minecraft:skeleton":1,"minecraft:zombie":2,"minecraft:chicken":4,"minecraft:cow":7},"minecraft:killed_by":{"vampirism:advanced_vampire":1,"minecraft:zombie":1},"minecraft:picked_up":{"minecraft:birch_log":5,"minecraft:crafting_table":2,"minecraft:iron_chestplate":4,"minecraft:cooked_beef":5,"minecraft:feather":5,"minecraft:chicken":4,"minecraft:water_bucket":1,"minecraft:leather":9,"minecraft:flint":3,"minecraft:tuff":25,"minecraft:oak_log":6,"minecraft:shield":1,"minecraft:dirt":9,"minecraft:lapis_lazuli":59,"minecraft:string":27,"minecraft:bone":1,"minecraft:bow":1,"minecraft:wheat_seeds":6,"minecraft:diamond_leggings":1,"minecraft:cobbled_deepslate":500,"minecraft:raw_gold":12,"minecraft:bucket":3,"minecraft:beef":12,"minecraft:cooked_chicken":1,"minecraft:poppy":6,"minecraft:diamond_helmet":1,"minecraft:glass_bottle":1,"minecraft:oak_planks":1,"minecraft:furnace":1,"minecraft:raw_iron":69,"minecraft:stick":7,"minecraft:torch":5,"minecraft:dandelion":11,"minecraft:gravel":5,"minecraft:redstone":63,"vampirism:blood_bottle":1,"minecraft:arrow":2,"minecraft:rotten_flesh":2,"minecraft:diamond_chestplate":1,"minecraft:diamond":11,"minecraft:diamond_boots":1,"minecraft:granite":1,"minecraft:coal":30,"minecraft:cobblestone":22},"minecraft:custom":{"minecraft:interact_with_furnace":26,"minecraft:mob_kills":16,"minecraft:interact_with_crafting_table":13,"minecraft:leave_game":1,"minecraft:time_since_death":12011,"minecraft:time_since_rest":9690,"minecraft:sprint_one_cm":222196,"minecraft:damage_taken":1704,"minecraft:walk_one_cm":143729,"minecraft:drop":29,"minecraft:damage_dealt":1864,"minecraft:swim_one_cm":10243,"minecraft:fly_one_cm":336704,"minecraft:play_time":70288,"minecraft:crouch_one_cm":5861,"minecraft:sneak_time":3023,"tombstone:undead_killed":3,"minecraft:deaths":3,"minecraft:walk_under_water_one_cm":27495,"minecraft:jump":1142,"minecraft:walk_on_water_one_cm":24091,"minecraft:total_world_time":70288,"minecraft:fall_one_cm":27006}},"DataVersion":3465}