{"stats":{"minecraft:mined":{"minecraft:tuff":12,"minecraft:dandelion":2,"minecraft:crafting_table":2,"minecraft:granite":1,"minecraft:poppy":2,"minecraft:cobblestone":11,"minecraft:tall_grass":1,"minecraft:deepslate_gold_ore":2,"minecraft:wall_torch":4,"minecraft:furnace":1,"minecraft:birch_log":5,"minecraft:iron_ore":37,"minecraft:birch_leaves":2,"minecraft:deepslate_lapis_ore":4,"minecraft:grass":6,"minecraft:oak_log":6,"minecraft:coal_ore":6,"minecraft:deepslate_iron_ore":7,"minecraft:cobweb":29,"minecraft:stone":22,"minecraft:deepslate":45},"minecraft:killed_by":{"vampirism:advanced_vampire":1,"minecraft:zombie":1},"minecraft:used":{"minecraft:cooked_mutton":1,"minecraft:water_bucket":7,"minecraft:stone_sword":54,"minecraft:stone_pickaxe":59,"minecraft:poppy":2,"minecraft:wooden_pickaxe":9,"minecraft:cooked_chicken":5,"minecraft:torch":7,"justhammers:diamond_hammer":39,"minecraft:crafting_table":3,"justhammers:iron_hammer":56,"minecraft:iron_pickaxe":80,"minecraft:stone_axe":24,"minecraft:cobblestone":6,"minecraft:furnace":1,"minecraft:bucket":7,"tombstone:gift":1,"minecraft:cooked_beef":5,"minecraft:cobbled_deepslate":79,"minecraft:dandelion":2},"minecraft:dropped":{"minecraft:gravel":5,"minecraft:cobbled_deepslate":291,"minecraft:glass_bottle":1,"minecraft:tuff":64,"minecraft:stick":2,"minecraft:iron_chestplate":4,"minecraft:wooden_pickaxe":1,"vampirism:ring":1},"minecraft:custom":{"minecraft:interact_with_furnace":26,"minecraft:mob_kills":13,"minecraft:interact_with_crafting_table":13,"minecraft:time_since_death":31133,"minecraft:time_since_rest":29668,"minecraft:sprint_one_cm":148181,"minecraft:damage_taken":1149,"minecraft:walk_one_cm":98632,"minecraft:drop":17,"minecraft:damage_dealt":1574,"minecraft:swim_one_cm":5657,"minecraft:fly_one_cm":118476,"minecraft:crouch_one_cm":5330,"minecraft:play_time":50541,"tombstone:undead_killed":3,"minecraft:deaths":2,"minecraft:sneak_time":2743,"minecraft:walk_under_water_one_cm":5232,"minecraft:jump":744,"minecraft:walk_on_water_one_cm":5937,"minecraft:total_world_time":50541,"minecraft:fall_one_cm":15492},"minecraft:picked_up":{"minecraft:birch_log":5,"minecraft:crafting_table":2,"minecraft:iron_chestplate":4,"minecraft:feather":5,"minecraft:chicken":4,"minecraft:leather":4,"minecraft:flint":3,"minecraft:tuff":25,"minecraft:oak_log":6,"minecraft:shield":1,"minecraft:lapis_lazuli":34,"minecraft:string":27,"minecraft:bone":1,"minecraft:bow":1,"minecraft:diamond_leggings":1,"minecraft:cobbled_deepslate":492,"minecraft:raw_gold":12,"minecraft:beef":9,"minecraft:cooked_chicken":1,"minecraft:poppy":2,"minecraft:diamond_helmet":1,"minecraft:glass_bottle":1,"minecraft:oak_planks":1,"minecraft:furnace":1,"minecraft:stick":2,"minecraft:raw_iron":69,"minecraft:torch":4,"minecraft:dandelion":2,"minecraft:gravel":5,"minecraft:redstone":63,"minecraft:diamond_chestplate":1,"minecraft:arrow":2,"vampirism:blood_bottle":1,"minecraft:rotten_flesh":2,"minecraft:diamond":11,"minecraft:diamond_boots":1,"minecraft:granite":1,"minecraft:coal":6,"minecraft:cobblestone":22},"minecraft:crafted":{"minecraft:cooked_beef":9,"minecraft:oak_planks":24,"minecraft:crafting_table":2,"minecraft:wooden_pickaxe":1,"minecraft:cooked_chicken":4,"minecraft:furnace":1,"minecraft:bucket":1,"minecraft:birch_planks":20,"minecraft:stone_axe":1,"minecraft:cooked_mutton":1,"minecraft:air":0,"justhammers:iron_hammer":1,"minecraft:stick":24,"minecraft:iron_ingot":9,"justhammers:diamond_hammer":1,"minecraft:iron_pickaxe":1,"minecraft:stone_pickaxe":1,"minecraft:stone_sword":1,"minecraft:torch":12},"minecraft:killed":{"minecraft:cave_spider":1,"vampirism:advanced_vampire":1,"minecraft:skeleton":1,"minecraft:zombie":2,"minecraft:chicken":4,"minecraft:cow":4}},"DataVersion":3465}