{"stats":{"minecraft:mined":{"minecraft:furnace":1,"minecraft:iron_ore":12,"minecraft:birch_log":5,"minecraft:birch_leaves":2,"minecraft:dandelion":2,"minecraft:crafting_table":1,"minecraft:coal_ore":6,"minecraft:grass":6,"minecraft:oak_log":6,"minecraft:poppy":2,"minecraft:tall_grass":1,"minecraft:stone":21},"minecraft:killed_by":{"vampirism:advanced_vampire":1,"minecraft:zombie":1},"minecraft:used":{"minecraft:cooked_mutton":1,"minecraft:stone_sword":22,"minecraft:stone_pickaxe":31,"minecraft:poppy":2,"minecraft:wooden_pickaxe":9,"minecraft:cooked_chicken":3,"minecraft:stone_axe":23,"minecraft:crafting_table":2,"minecraft:furnace":1,"minecraft:bucket":1,"tombstone:gift":1,"minecraft:cooked_beef":2,"minecraft:dandelion":2},"minecraft:picked_up":{"minecraft:birch_log":5,"minecraft:iron_chestplate":1,"minecraft:raw_iron":12,"minecraft:crafting_table":1,"minecraft:feather":5,"minecraft:chicken":4,"minecraft:leather":4,"minecraft:dandelion":2,"minecraft:oak_log":6,"minecraft:shield":1,"vampirism:blood_bottle":1,"minecraft:bone":1,"minecraft:arrow":2,"minecraft:rotten_flesh":2,"minecraft:bow":1,"minecraft:cooked_chicken":1,"minecraft:beef":9,"minecraft:poppy":2,"minecraft:coal":6,"minecraft:cobblestone":21,"minecraft:furnace":1},"minecraft:custom":{"minecraft:time_since_rest":5668,"minecraft:interact_with_furnace":26,"minecraft:sprint_one_cm":60853,"minecraft:damage_taken":860,"minecraft:walk_one_cm":30246,"minecraft:mob_kills":12,"minecraft:damage_dealt":1439,"minecraft:interact_with_crafting_table":10,"minecraft:swim_one_cm":5657,"minecraft:fly_one_cm":102082,"minecraft:crouch_one_cm":2319,"minecraft:play_time":26541,"tombstone:undead_killed":3,"minecraft:deaths":2,"minecraft:sneak_time":1187,"minecraft:walk_under_water_one_cm":5201,"minecraft:jump":416,"minecraft:walk_on_water_one_cm":4344,"minecraft:time_since_death":7133,"minecraft:total_world_time":26541,"minecraft:fall_one_cm":12068},"minecraft:crafted":{"minecraft:cooked_beef":9,"minecraft:oak_planks":24,"minecraft:crafting_table":2,"minecraft:stick":12,"minecraft:iron_pickaxe":1,"minecraft:iron_ingot":9,"minecraft:wooden_pickaxe":1,"minecraft:cooked_chicken":4,"minecraft:stone_pickaxe":1,"minecraft:stone_sword":1,"minecraft:furnace":1,"minecraft:torch":12,"minecraft:bucket":1,"minecraft:birch_planks":20,"minecraft:stone_axe":1,"minecraft:air":0,"minecraft:cooked_mutton":1},"minecraft:killed":{"minecraft:skeleton":1,"minecraft:zombie":2,"vampirism:advanced_vampire":1,"minecraft:chicken":4,"minecraft:cow":4}},"DataVersion":3465}