{"stats":{"minecraft:crafted":{"minecraft:cooked_porkchop":2,"minecraft:spruce_planks":4,"minecraft:stick":4,"minecraft:stone_pickaxe":1,"minecraft:stone_axe":1,"minecraft:air":0},"minecraft:custom":{"minecraft:time_since_rest":19372,"minecraft:interact_with_furnace":6,"minecraft:sprint_one_cm":77810,"minecraft:damage_taken":260,"minecraft:walk_one_cm":56281,"minecraft:mob_kills":4,"minecraft:damage_dealt":984,"minecraft:swim_one_cm":986,"minecraft:interact_with_crafting_table":2,"minecraft:fly_one_cm":62880,"minecraft:crouch_one_cm":3871,"minecraft:play_time":19372,"tombstone:undead_killed":1,"minecraft:sneak_time":1251,"minecraft:walk_under_water_one_cm":229,"minecraft:jump":362,"minecraft:walk_on_water_one_cm":755,"minecraft:leave_game":1,"minecraft:time_since_death":19372,"minecraft:total_world_time":19372,"minecraft:fall_one_cm":6999},"minecraft:used":{"minecraft:stone_pickaxe":30,"minecraft:wooden_pickaxe":15,"minecraft:rotten_flesh":3,"minecraft:stone_axe":4,"minecraft:wooden_sword":29,"minecraft:dirt":4,"minecraft:sweet_berries":14,"minecraft:crafting_table":2,"minecraft:cooked_porkchop":2,"alexsmobs:animal_dictionary":1,"minecraft:snowball":2},"minecraft:picked_up":{"minecraft:crafting_table":2,"minecraft:sweet_berries":14,"minecraft:brown_mushroom":1,"minecraft:wooden_pickaxe":1,"minecraft:gravel":2,"minecraft:gunpowder":2,"minecraft:spruce_log":3,"minecraft:dirt":5,"minecraft:raw_copper":27,"minecraft:wooden_sword":1,"minecraft:rotten_flesh":5,"minecraft:granite":1,"minecraft:coal":19,"minecraft:snowball":17,"minecraft:cobblestone":12},"minecraft:killed":{"minecraft:zombie":1,"minecraft:pig":1,"alexsmobs:seagull":1,"minecraft:creeper":1},"minecraft:mined":{"minecraft:large_fern":1,"minecraft:spruce_log":1,"minecraft:powder_snow":17,"minecraft:crafting_table":2,"minecraft:granite":1,"minecraft:coal_ore":19,"minecraft:gravel":2,"minecraft:copper_ore":7,"minecraft:spruce_leaves":6,"minecraft:stone":15,"minecraft:fern":2}},"DataVersion":3465}