{"stats":{"minecraft:crafted":{"minecraft:cooked_porkchop":2,"minecraft:spruce_planks":12,"minecraft:stick":8,"minecraft:iron_ingot":3,"minecraft:iron_pickaxe":1,"minecraft:stone_pickaxe":1,"minecraft:stone_axe":1,"minecraft:air":0},"minecraft:custom":{"minecraft:time_since_rest":4147,"minecraft:interact_with_furnace":9,"minecraft:sprint_one_cm":128041,"minecraft:damage_taken":815,"minecraft:walk_one_cm":82673,"minecraft:mob_kills":10,"minecraft:damage_dealt":1614,"minecraft:swim_one_cm":13264,"minecraft:damage_dealt_absorbed":61,"minecraft:interact_with_crafting_table":4,"minecraft:fly_one_cm":113874,"minecraft:crouch_one_cm":5258,"minecraft:play_time":30810,"tombstone:undead_killed":6,"minecraft:deaths":1,"minecraft:sneak_time":2006,"minecraft:walk_under_water_one_cm":709,"minecraft:damage_dealt_resisted":318,"minecraft:jump":643,"minecraft:leave_game":2,"minecraft:time_since_death":6546,"minecraft:walk_on_water_one_cm":14309,"minecraft:total_world_time":30810,"minecraft:fall_one_cm":12998},"minecraft:used":{"minecraft:stone_pickaxe":30,"minecraft:iron_pickaxe":11,"minecraft:wooden_pickaxe":17,"minecraft:rotten_flesh":10,"minecraft:stone_axe":4,"minecraft:wooden_sword":56,"minecraft:dirt":4,"minecraft:cobblestone":9,"minecraft:sweet_berries":17,"minecraft:crafting_table":2,"minecraft:cooked_porkchop":2,"alexsmobs:animal_dictionary":1,"minecraft:snowball":2},"minecraft:killed_by":{"minecraft:skeleton":1},"minecraft:broken":{"minecraft:wooden_sword":1},"minecraft:picked_up":{"minecraft:crafting_table":2,"minecraft:sweet_berries":18,"minecraft:brown_mushroom":1,"minecraft:wooden_pickaxe":1,"minecraft:gravel":2,"minecraft:string":2,"minecraft:gunpowder":2,"minecraft:spruce_log":3,"minecraft:spider_eye":1,"minecraft:dirt":5,"minecraft:raw_copper":27,"minecraft:wooden_sword":1,"minecraft:bone":2,"minecraft:arrow":2,"minecraft:rotten_flesh":12,"atlantis:ancient_metal_ore":2,"minecraft:granite":1,"tombstone:essence_of_undeath":1,"minecraft:coal":23,"minecraft:snowball":17,"minecraft:cobblestone":20},"minecraft:killed":{"vampirism:vampire":1,"minecraft:zombie":6,"minecraft:pig":1,"alexsmobs:seagull":1,"minecraft:creeper":1},"minecraft:mined":{"minecraft:large_fern":1,"minecraft:spruce_log":1,"minecraft:powder_snow":17,"minecraft:crafting_table":2,"minecraft:granite":1,"minecraft:coal_ore":23,"minecraft:gravel":2,"minecraft:copper_ore":7,"minecraft:cobblestone":3,"minecraft:spruce_leaves":6,"minecraft:stone":15,"minecraft:fern":2}},"DataVersion":3465}