{"stats":{"minecraft:mined":{"minecraft:birch_log":5,"minecraft:birch_leaves":2,"minecraft:dandelion":2,"minecraft:poppy":2,"minecraft:tall_grass":1,"minecraft:stone":18},"minecraft:killed_by":{"minecraft:zombie":1},"minecraft:used":{"minecraft:cooked_mutton":1,"minecraft:stone_sword":22,"minecraft:stone_pickaxe":9,"minecraft:poppy":2,"minecraft:wooden_pickaxe":9,"minecraft:cooked_chicken":1,"minecraft:stone_axe":2,"minecraft:crafting_table":1,"tombstone:gift":1,"minecraft:dandelion":2},"minecraft:picked_up":{"minecraft:birch_log":5,"minecraft:feather":3,"minecraft:chicken":2,"minecraft:leather":4,"minecraft:dandelion":2,"minecraft:beef":9,"minecraft:poppy":2,"minecraft:cobblestone":18},"minecraft:custom":{"minecraft:time_since_rest":2339,"minecraft:interact_with_furnace":3,"minecraft:sprint_one_cm":33933,"minecraft:damage_taken":375,"minecraft:walk_one_cm":20443,"minecraft:mob_kills":9,"minecraft:damage_dealt":981,"minecraft:interact_with_crafting_table":4,"minecraft:swim_one_cm":307,"minecraft:fly_one_cm":49938,"minecraft:crouch_one_cm":599,"minecraft:play_time":14541,"tombstone:undead_killed":2,"minecraft:deaths":1,"minecraft:sneak_time":385,"minecraft:walk_under_water_one_cm":84,"minecraft:jump":191,"minecraft:walk_on_water_one_cm":151,"minecraft:time_since_death":2810,"minecraft:total_world_time":14541,"minecraft:fall_one_cm":4728},"minecraft:crafted":{"minecraft:crafting_table":1,"minecraft:stick":8,"minecraft:wooden_pickaxe":1,"minecraft:cooked_chicken":1,"minecraft:stone_pickaxe":1,"minecraft:stone_sword":1,"minecraft:birch_planks":20,"minecraft:stone_axe":1,"minecraft:air":0,"minecraft:cooked_mutton":1},"minecraft:killed":{"minecraft:zombie":2,"minecraft:chicken":3,"minecraft:cow":4}},"DataVersion":3465}