{"stats":{"minecraft:used":{"minecraft:stone_sword":70,"minecraft:poppy":6,"minecraft:chest":1,"minecraft:shield":5,"minecraft:cooked_chicken":5,"minecraft:torch":10,"minecraft:dirt":29,"minecraft:mutton":1,"evilcraft:flesh_humanoid":1,"minecraft:cooked_cod":4,"minecraft:furnace":2,"tombstone:gift":8,"minecraft:cooked_beef":22,"minecraft:cobbled_deepslate":130,"minecraft:cooked_mutton":1,"minecraft:water_bucket":14,"minecraft:stone_pickaxe":59,"minecraft:oak_planks":14,"minecraft:wooden_pickaxe":9,"vampirism:human_heart":1,"atlantis:sword_aquamarine":41,"minecraft:crafting_table":3,"justhammers:diamond_hammer":67,"justhammers:iron_hammer":56,"sophisticatedbackpacks:backpack":1,"minecraft:diamond_pickaxe":61,"minecraft:brown_wool":1,"minecraft:iron_pickaxe":81,"twilightforest:mushgloom":2,"minecraft:stone_axe":27,"minecraft:diamond_sword":49,"minecraft:cobblestone":53,"minecraft:bucket":15,"minecraft:dandelion":11},"minecraft:picked_up":{"minecraft:crafting_table":3,"minecraft:iron_chestplate":4,"minecraft:chicken":4,"minecraft:prismarine_shard":1,"minecraft:enchanted_book":1,"minecraft:shield":1,"minecraft:string":53,"minecraft:diamond_leggings":1,"minecraft:gold_nugget":2,"minecraft:cobbled_deepslate":505,"minecraft:bucket":3,"minecraft:beef":12,"minecraft:poppy":6,"minecraft:furnace":3,"minecraft:stick":23,"minecraft:raw_iron":77,"minecraft:torch":13,"minecraft:acacia_log":1,"sophisticatedbackpacks:backpack":1,"tombstone:grave_dust":2,"minecraft:diorite":5,"minecraft:redstone":63,"minecraft:prismarine_crystals":1,"atlantis:aquamarine_chestplate":1,"minecraft:diamond_chestplate":1,"minecraft:arrow":17,"vampirism:blood_bottle":1,"minecraft:rotten_flesh":10,"minecraft:diamond_boots":1,"sophisticatedbackpacks:copper_backpack":1,"minecraft:mutton":1,"minecraft:cobblestone":85,"minecraft:birch_log":5,"vampirism:vampire_book":1,"minecraft:feather":5,"minecraft:cooked_beef":5,"minecraft:water_bucket":1,"minecraft:salmon":2,"minecraft:brown_wool":1,"atlantis:sword_aquamarine":1,"minecraft:leather":14,"minecraft:birch_planks":1,"minecraft:flint":3,"minecraft:tuff":25,"minecraft:oak_log":6,"minecraft:gunpowder":3,"minecraft:acacia_boat":1,"minecraft:lapis_lazuli":59,"minecraft:dirt":42,"minecraft:bone":7,"vampirism:human_heart":1,"minecraft:bow":1,"minecraft:wheat_seeds":15,"minecraft:raw_gold":12,"alexsmobs:cockroach_wing_fragment":1,"minecraft:cooked_chicken":1,"minecraft:diamond_helmet":1,"minecraft:glass_bottle":2,"minecraft:oak_planks":25,"twilightforest:mushgloom":2,"minecraft:dandelion":11,"minecraft:gravel":11,"alexsmobs:animal_dictionary":3,"minecraft:spider_eye":1,"minecraft:diamond":11,"minecraft:iron_helmet":1,"minecraft:granite":1,"minecraft:coal":58},"minecraft:mined":{"minecraft:tuff":12,"minecraft:granite":1,"minecraft:grass_block":19,"twilightforest:mushgloom":2,"minecraft:furnace":1,"minecraft:iron_ore":38,"minecraft:cobbled_deepslate":4,"minecraft:deepslate_lapis_ore":4,"minecraft:deepslate_iron_ore":7,"minecraft:stone":65,"minecraft:dandelion":11,"minecraft:crafting_table":2,"minecraft:torch":1,"minecraft:poppy":6,"minecraft:tall_grass":2,"minecraft:cobblestone":22,"minecraft:deepslate_gold_ore":2,"minecraft:oak_planks":3,"twilightforest:mayapple":2,"minecraft:diorite":1,"minecraft:wall_torch":4,"minecraft:birch_log":5,"minecraft:birch_leaves":2,"twilightforest:root":1,"minecraft:grass":97,"minecraft:oak_log":6,"minecraft:coal_ore":7,"minecraft:gravel":6,"minecraft:dirt":26,"minecraft:cobweb":29,"minecraft:deepslate":45},"minecraft:killed_by":{"vampirism:advanced_vampire":2,"twilightforest:kobold":1,"minecraft:skeleton":4,"minecraft:zombie":1},"minecraft:dropped":{"minecraft:water_bucket":1,"minecraft:birch_planks":1,"minecraft:wheat_seeds":7,"minecraft:glass_bottle":1,"minecraft:diamond":1,"minecraft:stick":18,"minecraft:dirt":4,"minecraft:iron_pickaxe":1,"vampirism:ring":1,"minecraft:bucket":3,"minecraft:gravel":5,"minecraft:furnace":1,"alexsmobs:animal_dictionary":1,"minecraft:cobbled_deepslate":300,"minecraft:tuff":64,"vampirism:blood_bottle":1,"minecraft:iron_chestplate":4,"minecraft:arrow":5,"minecraft:bow":1,"minecraft:wooden_pickaxe":1},"minecraft:custom":{"minecraft:mob_kills":36,"minecraft:interact_with_crafting_table":23,"minecraft:leave_game":4,"minecraft:time_since_death":17087,"minecraft:climb_one_cm":485,"minecraft:sprint_one_cm":485862,"minecraft:walk_one_cm":337708,"minecraft:damage_blocked_by_shield":270,"minecraft:drop":39,"minecraft:damage_dealt_absorbed":80,"minecraft:play_time":228795,"minecraft:deaths":11,"minecraft:sneak_time":4982,"minecraft:walk_under_water_one_cm":43069,"minecraft:boat_one_cm":244654,"minecraft:jump":2682,"minecraft:walk_on_water_one_cm":38742,"minecraft:total_world_time":228795,"vampirism:blood_drunk":2000,"vampirism:altar_of_inspiration_rituals_performed":22,"minecraft:interact_with_furnace":43,"minecraft:time_since_rest":15988,"minecraft:damage_taken":4995,"minecraft:damage_dealt":6782,"minecraft:swim_one_cm":54395,"minecraft:fly_one_cm":1326238,"minecraft:open_chest":80,"minecraft:crouch_one_cm":9234,"tombstone:undead_killed":14,"minecraft:fall_one_cm":65060},"minecraft:crafted":{"minecraft:oak_planks":24,"minecraft:cooked_chicken":4,"minecraft:furnace":1,"minecraft:cooked_mutton":1,"sophisticatedbackpacks:smelting_upgrade":1,"minecraft:stone_pickaxe":1,"justhammers:diamond_hammer":1,"minecraft:chest":1,"minecraft:cooked_beef":12,"minecraft:diamond_sword":1,"minecraft:crafting_table":2,"minecraft:wooden_pickaxe":1,"minecraft:bucket":1,"minecraft:birch_planks":20,"minecraft:stone_axe":1,"sophisticatedbackpacks:upgrade_base":1,"minecraft:air":0,"atlantis:aquamarine_gem":26,"justhammers:iron_hammer":1,"minecraft:diamond_pickaxe":1,"minecraft:stick":28,"minecraft:iron_ingot":66,"minecraft:iron_pickaxe":1,"minecraft:stone_sword":1,"minecraft:torch":12},"minecraft:killed":{"minecraft:cave_spider":1,"vampirism:advanced_vampire":1,"minecraft:spider":2,"minecraft:skeleton":6,"minecraft:guardian":1,"minecraft:chicken":4,"minecraft:salmon":2,"minecraft:creeper":2,"twilightforest:skeleton_druid":1,"minecraft:zombie":7,"alexsmobs:cockroach":1,"minecraft:cow":7,"twilightforest:bighorn_sheep":1}},"DataVersion":3465}