{"stats":{"minecraft:custom":{"minecraft:time_since_rest":9234,"minecraft:interact_with_furnace":4,"minecraft:sprint_one_cm":29977,"minecraft:damage_taken":190,"minecraft:walk_one_cm":30271,"minecraft:mob_kills":2,"minecraft:damage_dealt":667,"minecraft:swim_one_cm":217,"minecraft:interact_with_crafting_table":2,"minecraft:fly_one_cm":15571,"minecraft:crouch_one_cm":651,"minecraft:play_time":9234,"minecraft:sneak_time":177,"minecraft:walk_under_water_one_cm":45,"minecraft:jump":123,"minecraft:leave_game":1,"minecraft:walk_on_water_one_cm":690,"minecraft:time_since_death":9234,"minecraft:total_world_time":9234,"minecraft:fall_one_cm":898},"minecraft:used":{"minecraft:stone_pickaxe":1,"minecraft:wooden_pickaxe":15,"minecraft:rotten_flesh":3,"minecraft:stone_axe":4,"minecraft:wooden_sword":17,"minecraft:sweet_berries":2,"minecraft:crafting_table":1,"minecraft:cooked_porkchop":1},"minecraft:mined":{"minecraft:spruce_log":1,"minecraft:crafting_table":2,"minecraft:spruce_leaves":3,"minecraft:stone":15},"minecraft:picked_up":{"minecraft:crafting_table":2,"minecraft:sweet_berries":2,"minecraft:wooden_pickaxe":1,"minecraft:spruce_log":3,"minecraft:gunpowder":2,"minecraft:dirt":5,"minecraft:wooden_sword":1,"minecraft:rotten_flesh":3,"minecraft:snowball":17,"minecraft:cobblestone":11},"minecraft:crafted":{"minecraft:cooked_porkchop":2,"minecraft:stick":4,"minecraft:spruce_planks":4,"minecraft:stone_pickaxe":1,"minecraft:stone_axe":1,"minecraft:air":0},"minecraft:killed":{"minecraft:pig":1,"minecraft:creeper":1}},"DataVersion":3465}