{"stats":{"minecraft:killed":{"minecraft:cave_spider":1,"vampirism:advanced_vampire":1,"minecraft:spider":2,"minecraft:skeleton":4,"minecraft:guardian":1,"minecraft:chicken":4,"minecraft:salmon":2,"minecraft:creeper":2,"twilightforest:skeleton_druid":1,"minecraft:zombie":7,"minecraft:cow":7,"twilightforest:bighorn_sheep":1},"minecraft:used":{"minecraft:stone_sword":70,"minecraft:poppy":6,"minecraft:chest":1,"minecraft:shield":5,"minecraft:cooked_chicken":5,"minecraft:torch":10,"minecraft:dirt":6,"minecraft:mutton":1,"minecraft:cooked_cod":4,"minecraft:furnace":2,"tombstone:gift":6,"minecraft:cooked_beef":20,"minecraft:cobbled_deepslate":111,"minecraft:cooked_mutton":1,"minecraft:water_bucket":13,"minecraft:stone_pickaxe":59,"minecraft:oak_planks":14,"minecraft:wooden_pickaxe":9,"vampirism:human_heart":1,"atlantis:sword_aquamarine":13,"minecraft:crafting_table":3,"justhammers:diamond_hammer":60,"justhammers:iron_hammer":56,"sophisticatedbackpacks:backpack":1,"minecraft:brown_wool":1,"minecraft:iron_pickaxe":81,"twilightforest:mushgloom":2,"minecraft:stone_axe":27,"minecraft:diamond_sword":49,"minecraft:cobblestone":6,"minecraft:bucket":14,"minecraft:dandelion":11},"minecraft:killed_by":{"vampirism:advanced_vampire":1,"twilightforest:kobold":1,"minecraft:zombie":1},"minecraft:mined":{"minecraft:tuff":12,"minecraft:granite":1,"minecraft:grass_block":8,"twilightforest:mushgloom":2,"minecraft:furnace":1,"minecraft:iron_ore":37,"minecraft:deepslate_lapis_ore":4,"minecraft:deepslate_iron_ore":7,"minecraft:stone":24,"minecraft:dandelion":11,"minecraft:crafting_table":2,"minecraft:torch":1,"minecraft:poppy":6,"minecraft:tall_grass":2,"minecraft:cobblestone":12,"minecraft:deepslate_gold_ore":2,"minecraft:oak_planks":3,"twilightforest:mayapple":2,"minecraft:wall_torch":4,"minecraft:birch_log":5,"minecraft:birch_leaves":2,"twilightforest:root":1,"minecraft:grass":83,"minecraft:oak_log":6,"minecraft:coal_ore":7,"minecraft:dirt":6,"minecraft:cobweb":29,"minecraft:deepslate":45},"minecraft:custom":{"minecraft:mob_kills":33,"minecraft:interact_with_crafting_table":22,"minecraft:leave_game":4,"minecraft:time_since_death":100753,"minecraft:climb_one_cm":485,"minecraft:sprint_one_cm":403906,"minecraft:walk_one_cm":272601,"minecraft:damage_blocked_by_shield":270,"minecraft:drop":38,"minecraft:play_time":171621,"minecraft:deaths":4,"minecraft:sneak_time":3522,"minecraft:walk_under_water_one_cm":42909,"minecraft:boat_one_cm":244654,"minecraft:jump":1967,"minecraft:walk_on_water_one_cm":35458,"minecraft:total_world_time":171621,"vampirism:blood_drunk":2000,"minecraft:interact_with_furnace":42,"minecraft:time_since_rest":100113,"minecraft:damage_taken":2932,"minecraft:damage_dealt":5316,"minecraft:swim_one_cm":54283,"minecraft:fly_one_cm":1033850,"minecraft:open_chest":59,"minecraft:crouch_one_cm":6982,"tombstone:undead_killed":12,"minecraft:fall_one_cm":45708},"minecraft:picked_up":{"minecraft:crafting_table":3,"minecraft:iron_chestplate":4,"minecraft:chicken":4,"minecraft:prismarine_shard":1,"minecraft:enchanted_book":1,"minecraft:shield":1,"minecraft:string":53,"minecraft:diamond_leggings":1,"minecraft:gold_nugget":2,"minecraft:cobbled_deepslate":500,"minecraft:bucket":3,"minecraft:beef":12,"minecraft:poppy":6,"minecraft:furnace":3,"minecraft:stick":23,"minecraft:raw_iron":69,"minecraft:torch":13,"minecraft:acacia_log":1,"sophisticatedbackpacks:backpack":1,"tombstone:grave_dust":2,"minecraft:redstone":63,"minecraft:prismarine_crystals":1,"atlantis:aquamarine_chestplate":1,"minecraft:diamond_chestplate":1,"minecraft:arrow":14,"vampirism:blood_bottle":1,"minecraft:rotten_flesh":10,"minecraft:diamond_boots":1,"minecraft:mutton":1,"minecraft:cobblestone":22,"minecraft:birch_log":5,"vampirism:vampire_book":1,"minecraft:feather":5,"minecraft:cooked_beef":5,"minecraft:water_bucket":1,"minecraft:salmon":2,"minecraft:brown_wool":1,"atlantis:sword_aquamarine":1,"minecraft:leather":14,"minecraft:birch_planks":1,"minecraft:flint":3,"minecraft:tuff":25,"minecraft:oak_log":6,"minecraft:gunpowder":2,"minecraft:acacia_boat":1,"minecraft:lapis_lazuli":59,"minecraft:dirt":10,"minecraft:bone":5,"vampirism:human_heart":1,"minecraft:bow":1,"minecraft:wheat_seeds":13,"minecraft:raw_gold":12,"minecraft:cooked_chicken":1,"minecraft:diamond_helmet":1,"minecraft:glass_bottle":1,"minecraft:oak_planks":25,"twilightforest:mushgloom":2,"minecraft:dandelion":11,"minecraft:gravel":5,"alexsmobs:animal_dictionary":3,"minecraft:spider_eye":1,"minecraft:diamond":11,"minecraft:iron_helmet":1,"minecraft:granite":1,"minecraft:coal":58},"minecraft:crafted":{"minecraft:oak_planks":24,"minecraft:cooked_chicken":4,"minecraft:furnace":1,"minecraft:cooked_mutton":1,"sophisticatedbackpacks:smelting_upgrade":1,"minecraft:stone_pickaxe":1,"justhammers:diamond_hammer":1,"minecraft:chest":1,"minecraft:cooked_beef":12,"minecraft:diamond_sword":1,"minecraft:crafting_table":2,"minecraft:wooden_pickaxe":1,"minecraft:bucket":1,"minecraft:birch_planks":20,"minecraft:stone_axe":1,"sophisticatedbackpacks:upgrade_base":1,"minecraft:air":0,"atlantis:aquamarine_gem":26,"justhammers:iron_hammer":1,"minecraft:stick":28,"minecraft:iron_ingot":66,"minecraft:iron_pickaxe":1,"minecraft:stone_sword":1,"minecraft:torch":12},"minecraft:dropped":{"minecraft:water_bucket":1,"minecraft:birch_planks":1,"minecraft:wheat_seeds":7,"minecraft:glass_bottle":1,"minecraft:diamond":1,"minecraft:stick":18,"minecraft:dirt":4,"minecraft:iron_pickaxe":1,"vampirism:ring":1,"minecraft:bucket":3,"minecraft:gravel":5,"minecraft:furnace":1,"minecraft:cobbled_deepslate":300,"alexsmobs:animal_dictionary":1,"minecraft:tuff":64,"minecraft:iron_chestplate":4,"minecraft:arrow":5,"minecraft:bow":1,"minecraft:wooden_pickaxe":1}},"DataVersion":3465}