{"stats":{"minecraft:dropped":{"minecraft:cooked_beef":5,"minecraft:stone_sword":2,"minecraft:cobbled_deepslate":9,"minecraft:glass_bottle":1,"minecraft:diamond_leggings":1,"minecraft:feather":5,"minecraft:cobblestone":2,"minecraft:rotten_flesh":3,"justhammers:iron_hammer":2,"minecraft:stick":2,"minecraft:shield":2,"minecraft:diamond_chestplate":1,"minecraft:iron_chestplate":2,"minecraft:diamond_helmet":1,"minecraft:diamond_boots":1,"minecraft:iron_pickaxe":1,"minecraft:dandelion":1},"minecraft:mined":{"minecraft:tuff":3,"minecraft:deepslate_diamond_ore":12,"minecraft:oak_fence":2,"minecraft:crafting_table":6,"minecraft:granite":13,"minecraft:acacia_log":5,"minecraft:grass_block":8,"minecraft:tall_grass":2,"minecraft:cobblestone":8,"minecraft:lapis_ore":6,"minecraft:oak_planks":1,"minecraft:diorite":1,"minecraft:furnace":3,"minecraft:iron_ore":35,"minecraft:cobbled_deepslate":2,"minecraft:andesite":15,"evilcraft:dark_ore":1,"minecraft:grass":14,"minecraft:deepslate_iron_ore":6,"minecraft:oak_log":5,"minecraft:coal_ore":25,"evilcraft:blood_stain":1,"minecraft:gravel":8,"minecraft:dirt":10,"minecraft:acacia_planks":1,"atlantis:ancient_metal_ore":15,"minecraft:stone":93,"minecraft:deepslate":88},"minecraft:used":{"minecraft:cooked_mutton":2,"minecraft:diamond_boots":1,"minecraft:stone_sword":68,"minecraft:stone_pickaxe":71,"minecraft:wooden_pickaxe":20,"minecraft:cooked_chicken":3,"minecraft:dirt":2,"justhammers:diamond_hammer":33,"minecraft:crafting_table":8,"minecraft:diamond_helmet":1,"justhammers:iron_hammer":92,"tombstone:bag_of_seeds":2,"minecraft:diamond_pickaxe":118,"minecraft:iron_pickaxe":126,"minecraft:diamond_sword":17,"minecraft:stone_axe":14,"minecraft:cobblestone":51,"minecraft:furnace":7,"minecraft:andesite":2,"minecraft:cooked_beef":5,"minecraft:acacia_planks":1,"minecraft:cobbled_deepslate":66},"minecraft:crafted":{"minecraft:cooked_beef":10,"minecraft:oak_planks":20,"minecraft:diamond_sword":1,"minecraft:crafting_table":3,"minecraft:cooked_chicken":3,"minecraft:wooden_pickaxe":1,"minecraft:furnace":4,"minecraft:stone_axe":1,"minecraft:cooked_mutton":2,"minecraft:air":0,"justhammers:iron_hammer":1,"minecraft:diamond_helmet":2,"minecraft:diamond_leggings":2,"minecraft:iron_chestplate":2,"minecraft:diamond_pickaxe":1,"minecraft:shield":2,"minecraft:stick":20,"minecraft:iron_ingot":27,"justhammers:diamond_hammer":1,"minecraft:iron_pickaxe":1,"minecraft:stone_pickaxe":1,"minecraft:stone_sword":1,"minecraft:diamond_boots":2,"minecraft:acacia_planks":20,"minecraft:diamond_chestplate":2},"minecraft:killed":{"vampirism:vampire":1,"vampirism:advanced_vampire":1,"minecraft:spider":1,"alexsmobs:emu":1,"minecraft:sheep":2,"minecraft:skeleton":4,"minecraft:zombie":5,"minecraft:chicken":4,"alexsmobs:gazelle":1,"minecraft:cow":5},"minecraft:picked_up":{"minecraft:iron_chestplate":1,"minecraft:crafting_table":6,"minecraft:feather":5,"minecraft:chicken":4,"minecraft:andesite":15,"minecraft:tuff":64,"minecraft:oak_log":5,"minecraft:shield":1,"minecraft:lapis_lazuli":37,"minecraft:dirt":14,"minecraft:string":2,"minecraft:raw_copper":2,"minecraft:bone":5,"minecraft:acacia_planks":1,"atlantis:ancient_metal_ore":15,"minecraft:wheat_seeds":1,"minecraft:cobbled_deepslate":329,"minecraft:beef":10,"tombstone:bag_of_seeds":1,"minecraft:furnace":3,"minecraft:raw_iron":52,"vampirism:ring":1,"minecraft:acacia_log":5,"minecraft:dandelion":1,"justhammers:iron_hammer":1,"minecraft:diorite":2,"minecraft:carrot":1,"minecraft:stone_sword":1,"vampirism:blood_bottle":1,"minecraft:arrow":5,"minecraft:rotten_flesh":3,"minecraft:diamond":66,"evilcraft:dark_gem":5,"minecraft:granite":7,"minecraft:mutton":3,"minecraft:coal":28,"minecraft:white_wool":2,"minecraft:cobblestone":77},"minecraft:custom":{"minecraft:interact_with_furnace":32,"minecraft:mob_kills":25,"minecraft:interact_with_crafting_table":17,"minecraft:leave_game":1,"minecraft:time_since_death":67365,"minecraft:time_since_rest":67365,"vampirism:amount_bitten":37,"minecraft:sprint_one_cm":123126,"minecraft:damage_taken":879,"minecraft:walk_one_cm":107034,"minecraft:drop":23,"vampirism:skills_unlocked":1,"minecraft:damage_dealt":3694,"minecraft:swim_one_cm":6011,"minecraft:fly_one_cm":325541,"minecraft:play_time":67365,"minecraft:crouch_one_cm":2205,"minecraft:sneak_time":588,"tombstone:undead_killed":9,"minecraft:walk_under_water_one_cm":1939,"minecraft:jump":1328,"minecraft:walk_on_water_one_cm":3424,"minecraft:total_world_time":67365,"vampirism:blood_drunk":2200,"minecraft:fall_one_cm":49710}},"DataVersion":3465}