{"stats":{"minecraft:used":{"minecraft:stone_sword":68,"minecraft:chest":7,"minecraft:shield":11,"minecraft:cooked_salmon":1,"minecraft:cooked_chicken":3,"minecraft:dirt":12,"minecraft:diamond_helmet":1,"twilightforest:twilight_oak_planks":16,"minecraft:furnace":7,"tombstone:gift":1,"minecraft:cooked_beef":5,"minecraft:cobbled_deepslate":120,"minecraft:acacia_planks":9,"atlantis:ancient_metal_ore":4,"minecraft:cooked_mutton":2,"minecraft:acacia_boat":3,"minecraft:diorite":3,"vampirism:altar_inspiration":1,"minecraft:diamond_boots":1,"minecraft:stone_pickaxe":71,"minecraft:wooden_pickaxe":20,"vampirism:human_heart":1,"atlantis:sword_aquamarine":1,"justhammers:diamond_hammer":38,"minecraft:crafting_table":9,"justhammers:iron_hammer":92,"tombstone:bag_of_seeds":2,"minecraft:diamond_pickaxe":222,"minecraft:string":1,"minecraft:iron_pickaxe":126,"minecraft:stone_axe":54,"minecraft:diamond_sword":171,"minecraft:cobblestone":76,"minecraft:andesite":21,"minecraft:bucket":2,"minecraft:diamond_leggings":1},"minecraft:picked_up":{"minecraft:crafting_table":6,"minecraft:iron_chestplate":1,"minecraft:wheat":7,"minecraft:chicken":4,"minecraft:diamond_sword":1,"minecraft:enchanted_book":1,"minecraft:shield":1,"alexsmobs:gazelle_horn":1,"minecraft:string":13,"minecraft:raw_copper":2,"vampirism:obi_belt":1,"atlantis:ancient_metal_ore":19,"minecraft:gold_nugget":2,"minecraft:cobbled_deepslate":335,"minecraft:beef":18,"minecraft:written_book":1,"minecraft:chest":1,"minecraft:furnace":3,"minecraft:stick":4,"minecraft:raw_iron":101,"minecraft:acacia_log":29,"minecraft:porkchop":18,"tombstone:grave_dust":1,"minecraft:diorite":3,"minecraft:carrot":1,"minecraft:stone_sword":1,"vampirism:blood_bottle":2,"minecraft:arrow":14,"minecraft:rotten_flesh":4,"minecraft:beetroot_seeds":3,"minecraft:mutton":5,"minecraft:white_wool":4,"minecraft:cobblestone":124,"minecraft:feather":6,"twilightforest:twilight_oak_log":4,"minecraft:andesite":21,"minecraft:leather":6,"alexsmobs:acacia_blossom":1,"minecraft:tuff":64,"minecraft:oak_log":5,"minecraft:gunpowder":1,"minecraft:acacia_boat":2,"minecraft:lapis_lazuli":37,"minecraft:dirt":25,"twilightforest:raw_venison":1,"minecraft:bone":9,"vampirism:human_heart":2,"minecraft:acacia_planks":4,"minecraft:wheat_seeds":3,"tombstone:bag_of_seeds":1,"minecraft:acacia_sapling":2,"minecraft:oak_planks":6,"vampirism:ring":1,"minecraft:dandelion":1,"minecraft:sand":16,"justhammers:iron_hammer":1,"sophisticatedbackpacks:iron_backpack":1,"minecraft:spider_eye":1,"minecraft:bundle":1,"minecraft:diamond":71,"evilcraft:dark_gem":5,"minecraft:granite":7,"tombstone:magic_scroll":1,"minecraft:coal":35},"minecraft:mined":{"minecraft:diamond_ore":5,"minecraft:tuff":3,"minecraft:deepslate_diamond_ore":12,"minecraft:granite":13,"minecraft:acacia_log":30,"minecraft:grass_block":12,"minecraft:tall_seagrass":1,"minecraft:furnace":3,"minecraft:iron_ore":85,"minecraft:cobbled_deepslate":5,"minecraft:andesite":21,"twilightforest:twilight_oak_leaves":2,"evilcraft:dark_ore":1,"minecraft:deepslate_iron_ore":6,"minecraft:stone":115,"twilightforest:root_strand":1,"minecraft:oak_fence":2,"minecraft:crafting_table":6,"minecraft:chest":1,"twilightforest:twilight_oak_log":4,"minecraft:tall_grass":9,"minecraft:cobblestone":12,"minecraft:lapis_ore":6,"minecraft:oak_planks":7,"minecraft:diorite":2,"minecraft:ice":1,"minecraft:grass":39,"minecraft:oak_log":5,"minecraft:coal_ore":32,"evilcraft:blood_stain":1,"minecraft:gravel":8,"minecraft:sand":16,"minecraft:dirt":17,"minecraft:acacia_planks":4,"atlantis:ancient_metal_ore":19,"minecraft:deepslate":88},"minecraft:killed_by":{"minecraft:enderman":1,"vampirism:hunter":1},"minecraft:dropped":{"minecraft:cooked_beef":5,"vampirism:human_heart":1,"minecraft:glass_bottle":2,"atlantis:aquamarine_chestplate":1,"minecraft:diamond_leggings":1,"minecraft:feather":5,"minecraft:cobblestone":2,"minecraft:leather":5,"minecraft:stick":2,"minecraft:diamond_helmet":1,"minecraft:gold_nugget":2,"minecraft:iron_pickaxe":1,"minecraft:string":26,"minecraft:dandelion":1,"minecraft:stone_sword":2,"minecraft:cobbled_deepslate":22,"minecraft:rotten_flesh":3,"sophisticatedbackpacks:backpack":1,"justhammers:iron_hammer":2,"minecraft:diamond_sword":1,"minecraft:shield":2,"minecraft:gunpowder":1,"minecraft:diamond_chestplate":1,"minecraft:iron_chestplate":2,"minecraft:beetroot_seeds":3,"atlantis:sword_aquamarine":1,"minecraft:diamond_boots":1,"minecraft:arrow":5},"minecraft:custom":{"minecraft:mob_kills":91,"minecraft:interact_with_crafting_table":51,"minecraft:leave_game":5,"minecraft:time_since_death":66295,"minecraft:climb_one_cm":28,"vampirism:amount_bitten":216,"minecraft:sprint_one_cm":414105,"minecraft:walk_one_cm":277884,"minecraft:damage_blocked_by_shield":791,"minecraft:drop":38,"vampirism:skills_unlocked":5,"minecraft:damage_dealt_absorbed":121,"vampirism:interact_with_altar_inspiration":13,"minecraft:play_time":264004,"minecraft:sneak_time":2262,"minecraft:deaths":3,"minecraft:walk_under_water_one_cm":8335,"minecraft:boat_one_cm":246631,"minecraft:jump":5470,"minecraft:walk_on_water_one_cm":16790,"minecraft:total_world_time":264004,"vampirism:blood_drunk":33900,"vampirism:altar_of_inspiration_rituals_performed":1,"minecraft:interact_with_furnace":85,"minecraft:time_since_rest":64912,"minecraft:damage_taken":199956,"minecraft:damage_dealt":11888,"minecraft:swim_one_cm":60320,"minecraft:fly_one_cm":2402583,"minecraft:open_chest":96,"minecraft:crouch_one_cm":6514,"tombstone:undead_killed":24,"minecraft:fall_one_cm":178226},"minecraft:crafted":{"minecraft:oak_planks":20,"atlantis:submarine":1,"minecraft:cooked_chicken":3,"minecraft:furnace":4,"minecraft:stone":22,"minecraft:cooked_mutton":2,"minecraft:glass":16,"minecraft:diamond_helmet":2,"minecraft:diamond_leggings":2,"twilightforest:twilight_oak_planks":16,"vampirism:altar_inspiration":1,"minecraft:stone_pickaxe":1,"justhammers:diamond_hammer":1,"minecraft:chest":7,"minecraft:diamond_boots":2,"atlantis:aquamarine_chestplate":1,"atlantis:drop_of_atlantis":2,"minecraft:raw_iron_block":4,"minecraft:cooked_beef":10,"minecraft:glass_bottle":9,"minecraft:diamond_sword":1,"sophisticatedbackpacks:backpack":1,"minecraft:crafting_table":4,"minecraft:wooden_pickaxe":1,"minecraft:cooked_salmon":2,"minecraft:bucket":1,"minecraft:stone_axe":1,"minecraft:acacia_boat":1,"minecraft:air":0,"atlantis:aquamarine_gem":23,"justhammers:iron_hammer":1,"minecraft:gold_nugget":9,"minecraft:iron_chestplate":2,"minecraft:diamond_pickaxe":1,"minecraft:shield":2,"minecraft:stick":20,"minecraft:iron_ingot":55,"minecraft:iron_pickaxe":1,"atlantis:sword_aquamarine":1,"minecraft:stone_sword":1,"atlantis:orb_of_atlantis":1,"minecraft:gold_ingot":1,"vampirism:blood_container":1,"atlantis:atlantean_crystal":8,"minecraft:acacia_planks":100,"atlantis:ocean_stone":8,"minecraft:diamond_chestplate":2},"minecraft:killed":{"vampirism:vampire":3,"vampirism:advanced_vampire":1,"minecraft:spider":7,"minecraft:skeleton":11,"minecraft:chicken":4,"minecraft:wolf":1,"twilightforest:kobold":5,"minecraft:creeper":2,"vampirism:hunter":4,"alexsmobs:emu":1,"minecraft:sheep":2,"minecraft:zombie":13,"alexsmobs:gazelle":1,"alexsmobs:crow":1,"minecraft:cow":5,"minecraft:enderman":1}},"DataVersion":3465}