{"stats":{"minecraft:killed":{"vampirism:vampire":1,"vampirism:advanced_vampire":1,"minecraft:spider":2,"minecraft:skeleton":6,"minecraft:chicken":4,"minecraft:wolf":1,"twilightforest:kobold":5,"alexsmobs:emu":1,"minecraft:sheep":2,"minecraft:zombie":10,"alexsmobs:gazelle":1,"alexsmobs:crow":1,"minecraft:cow":5,"minecraft:enderman":1},"minecraft:used":{"minecraft:stone_sword":68,"minecraft:chest":7,"minecraft:shield":1,"minecraft:cooked_chicken":3,"minecraft:dirt":5,"minecraft:diamond_helmet":1,"twilightforest:twilight_oak_planks":16,"minecraft:furnace":7,"tombstone:gift":1,"minecraft:cooked_beef":5,"minecraft:cobbled_deepslate":119,"minecraft:acacia_planks":6,"atlantis:ancient_metal_ore":4,"minecraft:cooked_mutton":2,"minecraft:acacia_boat":3,"minecraft:diorite":3,"minecraft:diamond_boots":1,"minecraft:stone_pickaxe":71,"minecraft:wooden_pickaxe":20,"atlantis:sword_aquamarine":1,"justhammers:diamond_hammer":35,"minecraft:crafting_table":9,"justhammers:iron_hammer":92,"tombstone:bag_of_seeds":2,"minecraft:diamond_pickaxe":147,"minecraft:string":1,"minecraft:iron_pickaxe":126,"minecraft:stone_axe":49,"minecraft:diamond_sword":94,"minecraft:cobblestone":65,"minecraft:andesite":17,"minecraft:diamond_leggings":1},"minecraft:killed_by":{"minecraft:enderman":1},"minecraft:mined":{"minecraft:diamond_ore":5,"minecraft:tuff":3,"minecraft:deepslate_diamond_ore":12,"minecraft:granite":13,"minecraft:acacia_log":26,"minecraft:grass_block":9,"minecraft:tall_seagrass":1,"minecraft:furnace":3,"minecraft:iron_ore":35,"minecraft:cobbled_deepslate":3,"minecraft:andesite":17,"twilightforest:twilight_oak_leaves":2,"evilcraft:dark_ore":1,"minecraft:deepslate_iron_ore":6,"minecraft:stone":103,"twilightforest:root_strand":1,"minecraft:oak_fence":2,"minecraft:crafting_table":6,"minecraft:chest":1,"twilightforest:twilight_oak_log":4,"minecraft:tall_grass":7,"minecraft:cobblestone":12,"minecraft:lapis_ore":6,"minecraft:oak_planks":7,"minecraft:diorite":2,"minecraft:ice":1,"minecraft:grass":39,"minecraft:oak_log":5,"minecraft:coal_ore":25,"evilcraft:blood_stain":1,"minecraft:gravel":8,"minecraft:dirt":12,"minecraft:acacia_planks":4,"atlantis:ancient_metal_ore":19,"minecraft:deepslate":88},"minecraft:custom":{"minecraft:mob_kills":45,"minecraft:interact_with_crafting_table":27,"minecraft:leave_game":5,"minecraft:time_since_death":97372,"minecraft:climb_one_cm":28,"minecraft:sprint_one_cm":270991,"vampirism:amount_bitten":84,"minecraft:walk_one_cm":198189,"minecraft:damage_blocked_by_shield":103,"minecraft:drop":35,"vampirism:skills_unlocked":3,"minecraft:damage_dealt_absorbed":121,"minecraft:play_time":192241,"minecraft:deaths":2,"minecraft:sneak_time":1945,"minecraft:walk_under_water_one_cm":7813,"minecraft:boat_one_cm":139231,"minecraft:jump":3647,"minecraft:walk_on_water_one_cm":12993,"minecraft:total_world_time":192241,"vampirism:blood_drunk":10400,"minecraft:interact_with_furnace":55,"minecraft:time_since_rest":94973,"minecraft:damage_taken":199268,"minecraft:damage_dealt":7030,"minecraft:swim_one_cm":55301,"minecraft:fly_one_cm":2007019,"minecraft:open_chest":53,"minecraft:crouch_one_cm":5575,"tombstone:undead_killed":16,"minecraft:fall_one_cm":112356},"minecraft:picked_up":{"minecraft:crafting_table":6,"minecraft:iron_chestplate":1,"minecraft:wheat":7,"minecraft:chicken":4,"minecraft:diamond_sword":1,"minecraft:enchanted_book":1,"minecraft:shield":1,"minecraft:string":4,"minecraft:raw_copper":2,"atlantis:ancient_metal_ore":19,"minecraft:gold_nugget":2,"minecraft:cobbled_deepslate":334,"minecraft:beef":10,"minecraft:written_book":1,"minecraft:chest":1,"minecraft:furnace":3,"minecraft:raw_iron":52,"minecraft:acacia_log":25,"minecraft:diorite":3,"minecraft:carrot":1,"minecraft:rotten_flesh":3,"minecraft:arrow":11,"minecraft:stone_sword":1,"vampirism:blood_bottle":1,"minecraft:beetroot_seeds":3,"minecraft:mutton":3,"minecraft:white_wool":2,"minecraft:cobblestone":91,"minecraft:feather":6,"twilightforest:twilight_oak_log":4,"minecraft:andesite":17,"alexsmobs:acacia_blossom":1,"minecraft:tuff":64,"minecraft:oak_log":5,"minecraft:acacia_boat":2,"minecraft:lapis_lazuli":37,"minecraft:dirt":18,"twilightforest:raw_venison":1,"minecraft:bone":6,"minecraft:acacia_planks":4,"minecraft:wheat_seeds":3,"tombstone:bag_of_seeds":1,"minecraft:acacia_sapling":1,"minecraft:oak_planks":6,"vampirism:ring":1,"minecraft:dandelion":1,"justhammers:iron_hammer":1,"sophisticatedbackpacks:iron_backpack":1,"minecraft:diamond":71,"evilcraft:dark_gem":5,"minecraft:granite":7,"minecraft:coal":28},"minecraft:crafted":{"minecraft:oak_planks":20,"minecraft:cooked_chicken":3,"minecraft:furnace":4,"minecraft:cooked_mutton":2,"minecraft:diamond_helmet":2,"minecraft:diamond_leggings":2,"twilightforest:twilight_oak_planks":16,"minecraft:stone_pickaxe":1,"justhammers:diamond_hammer":1,"minecraft:chest":7,"minecraft:diamond_boots":2,"atlantis:aquamarine_chestplate":1,"minecraft:cooked_beef":10,"minecraft:diamond_sword":1,"sophisticatedbackpacks:backpack":1,"minecraft:crafting_table":4,"minecraft:wooden_pickaxe":1,"minecraft:stone_axe":1,"minecraft:acacia_boat":1,"minecraft:air":0,"atlantis:aquamarine_gem":10,"justhammers:iron_hammer":1,"minecraft:iron_chestplate":2,"minecraft:diamond_pickaxe":1,"minecraft:shield":2,"minecraft:stick":20,"minecraft:iron_ingot":55,"minecraft:iron_pickaxe":1,"atlantis:sword_aquamarine":1,"minecraft:stone_sword":1,"minecraft:acacia_planks":84,"minecraft:diamond_chestplate":2},"minecraft:dropped":{"minecraft:cooked_beef":5,"minecraft:glass_bottle":1,"atlantis:aquamarine_chestplate":1,"minecraft:diamond_leggings":1,"minecraft:feather":5,"minecraft:cobblestone":2,"minecraft:leather":5,"minecraft:stick":2,"minecraft:diamond_helmet":1,"minecraft:gold_nugget":2,"minecraft:iron_pickaxe":1,"minecraft:string":26,"minecraft:dandelion":1,"minecraft:stone_sword":2,"minecraft:cobbled_deepslate":22,"minecraft:rotten_flesh":3,"sophisticatedbackpacks:backpack":1,"justhammers:iron_hammer":2,"minecraft:diamond_sword":1,"minecraft:shield":2,"minecraft:diamond_chestplate":1,"minecraft:iron_chestplate":2,"minecraft:beetroot_seeds":3,"atlantis:sword_aquamarine":1,"minecraft:diamond_boots":1,"minecraft:arrow":5}},"DataVersion":3465}