{"stats":{"minecraft:mined":{"minecraft:grass":1,"minecraft:grass_block":2,"minecraft:oak_log":5,"minecraft:dirt":2,"minecraft:crafting_table":1},"minecraft:used":{"minecraft:dirt":2,"minecraft:crafting_table":1},"minecraft:picked_up":{"minecraft:crafting_table":1,"minecraft:oak_log":5,"minecraft:dirt":4},"minecraft:custom":{"minecraft:time_since_rest":5760,"minecraft:crouch_one_cm":586,"minecraft:play_time":5760,"minecraft:sprint_one_cm":5513,"minecraft:damage_taken":20,"minecraft:walk_one_cm":3239,"minecraft:sneak_time":147,"minecraft:jump":124,"minecraft:time_since_death":5760,"minecraft:total_world_time":5760,"minecraft:interact_with_crafting_table":2,"minecraft:fall_one_cm":8379,"minecraft:fly_one_cm":13725},"minecraft:crafted":{"minecraft:oak_planks":20,"minecraft:crafting_table":1,"minecraft:stick":4,"minecraft:wooden_pickaxe":1}},"DataVersion":3465}