{"stats":{"minecraft:custom":{"minecraft:time_since_rest":18644,"minecraft:interact_with_furnace":10,"minecraft:sprint_one_cm":43268,"minecraft:damage_taken":165,"minecraft:walk_one_cm":28399,"minecraft:mob_kills":5,"minecraft:drop":4,"minecraft:damage_dealt":895,"minecraft:interact_with_crafting_table":6,"minecraft:fly_one_cm":76320,"minecraft:crouch_one_cm":444,"minecraft:play_time":18644,"tombstone:undead_killed":2,"minecraft:sneak_time":145,"minecraft:walk_under_water_one_cm":99,"minecraft:jump":482,"minecraft:leave_game":1,"minecraft:time_since_death":18644,"minecraft:walk_on_water_one_cm":277,"minecraft:total_world_time":18644,"minecraft:fall_one_cm":19403},"minecraft:used":{"minecraft:stone_sword":21,"minecraft:stone_pickaxe":41,"minecraft:spruce_planks":6,"minecraft:wooden_pickaxe":14,"minecraft:stone_axe":1,"minecraft:wooden_sword":3,"minecraft:dirt":2,"minecraft:sweet_berries":5,"minecraft:crafting_table":3,"minecraft:furnace":2,"minecraft:cooked_porkchop":2},"minecraft:mined":{"minecraft:furnace":2,"minecraft:sweet_berry_bush":3,"minecraft:spruce_log":7,"minecraft:powder_snow":6,"minecraft:crafting_table":2,"minecraft:grass_block":1,"minecraft:coal_ore":22,"minecraft:dirt":1,"minecraft:stone":31},"minecraft:picked_up":{"minecraft:crafting_table":2,"minecraft:cooked_porkchop":1,"minecraft:sweet_berries":7,"minecraft:porkchop":5,"vampirism:vampire_fang":1,"minecraft:spruce_log":7,"minecraft:dirt":2,"minecraft:spruce_planks":14,"minecraft:coal":41,"minecraft:cobblestone":34,"minecraft:furnace":2},"minecraft:dropped":{"minecraft:sweet_berries":2,"minecraft:wooden_sword":1,"minecraft:wooden_pickaxe":1},"minecraft:crafted":{"minecraft:wooden_sword":1,"minecraft:cooked_porkchop":2,"minecraft:crafting_table":1,"minecraft:spruce_planks":28,"minecraft:stick":8,"minecraft:wooden_pickaxe":1,"minecraft:stone_pickaxe":1,"minecraft:stone_sword":1,"minecraft:furnace":1,"minecraft:stone_axe":1,"minecraft:air":0},"minecraft:killed":{"vampirism:vampire":1,"minecraft:zombie":2,"minecraft:pig":2}},"DataVersion":3465}