{"stats":{"minecraft:crafted":{"minecraft:wooden_sword":1,"minecraft:cooked_porkchop":2,"minecraft:crafting_table":1,"minecraft:spruce_planks":32,"minecraft:stick":12,"minecraft:iron_pickaxe":1,"minecraft:iron_ingot":5,"minecraft:wooden_pickaxe":1,"minecraft:stone_pickaxe":1,"minecraft:stone_sword":1,"minecraft:furnace":1,"minecraft:stone_axe":1,"minecraft:air":0},"minecraft:dropped":{"atlantis:ancient_metal_ore":2,"minecraft:sweet_berries":6,"minecraft:wooden_sword":1,"minecraft:wooden_pickaxe":1},"minecraft:custom":{"minecraft:time_since_rest":1,"minecraft:interact_with_furnace":15,"minecraft:sprint_one_cm":76039,"minecraft:damage_taken":465,"minecraft:walk_one_cm":57794,"minecraft:mob_kills":10,"minecraft:drop":10,"minecraft:damage_dealt":2415,"minecraft:swim_one_cm":1001,"minecraft:interact_with_crafting_table":8,"minecraft:fly_one_cm":150894,"minecraft:deaths":1,"minecraft:crouch_one_cm":490,"minecraft:play_time":29322,"tombstone:undead_killed":6,"minecraft:sneak_time":155,"minecraft:walk_under_water_one_cm":260,"minecraft:damage_dealt_resisted":385,"minecraft:jump":842,"minecraft:leave_game":2,"minecraft:time_since_death":194,"minecraft:walk_on_water_one_cm":479,"minecraft:total_world_time":29322,"minecraft:fall_one_cm":30276},"minecraft:used":{"minecraft:stone_sword":69,"minecraft:iron_pickaxe":17,"minecraft:stone_pickaxe":51,"minecraft:spruce_planks":13,"minecraft:wooden_pickaxe":14,"minecraft:stone_axe":2,"minecraft:wooden_sword":3,"minecraft:dirt":2,"minecraft:sweet_berries":14,"minecraft:crafting_table":3,"minecraft:furnace":3,"minecraft:cooked_porkchop":3},"minecraft:killed_by":{"vampirism:vampire":1},"minecraft:picked_up":{"minecraft:raw_iron":8,"minecraft:crafting_table":2,"minecraft:cooked_porkchop":1,"minecraft:sweet_berries":17,"minecraft:brown_mushroom":4,"minecraft:porkchop":5,"sophisticatedbackpacks:iron_backpack":1,"minecraft:spruce_sapling":1,"vampirism:vampire_fang":1,"minecraft:spruce_log":8,"minecraft:dirt":2,"minecraft:rotten_flesh":1,"atlantis:ancient_metal_ore":16,"minecraft:spruce_planks":14,"alexsmobs:maggot":1,"minecraft:coal":44,"minecraft:cobblestone":34,"minecraft:furnace":2},"minecraft:mined":{"minecraft:furnace":2,"minecraft:iron_ore":8,"minecraft:sweet_berry_bush":10,"minecraft:spruce_log":8,"minecraft:powder_snow":11,"minecraft:crafting_table":2,"minecraft:grass_block":1,"minecraft:coal_ore":25,"minecraft:dirt":1,"atlantis:ancient_metal_ore":16,"minecraft:spruce_leaves":1,"minecraft:stone":31,"minecraft:fern":1},"minecraft:killed":{"vampirism:vampire":1,"minecraft:zombie":6,"minecraft:pig":2,"alexsmobs:fly":1}},"DataVersion":3465}