{"stats":{"minecraft:used":{"minecraft:stone_sword":68,"minecraft:chest":7,"minecraft:shield":11,"minecraft:cooked_salmon":1,"minecraft:cooked_chicken":3,"minecraft:dirt":10,"minecraft:diamond_helmet":1,"twilightforest:twilight_oak_planks":16,"minecraft:furnace":7,"tombstone:gift":1,"minecraft:cooked_beef":5,"minecraft:cobbled_deepslate":120,"minecraft:acacia_planks":9,"atlantis:ancient_metal_ore":4,"minecraft:cooked_mutton":2,"minecraft:acacia_boat":3,"minecraft:diorite":3,"minecraft:diamond_boots":1,"minecraft:stone_pickaxe":71,"minecraft:wooden_pickaxe":20,"vampirism:human_heart":1,"atlantis:sword_aquamarine":1,"justhammers:diamond_hammer":38,"minecraft:crafting_table":9,"justhammers:iron_hammer":92,"tombstone:bag_of_seeds":2,"minecraft:diamond_pickaxe":222,"minecraft:string":1,"minecraft:iron_pickaxe":126,"minecraft:stone_axe":50,"minecraft:diamond_sword":164,"minecraft:cobblestone":76,"minecraft:andesite":21,"minecraft:bucket":2,"minecraft:diamond_leggings":1},"minecraft:picked_up":{"minecraft:crafting_table":6,"minecraft:iron_chestplate":1,"minecraft:wheat":7,"minecraft:chicken":4,"minecraft:diamond_sword":1,"minecraft:enchanted_book":1,"minecraft:shield":1,"alexsmobs:gazelle_horn":1,"minecraft:string":12,"minecraft:raw_copper":2,"vampirism:obi_belt":1,"atlantis:ancient_metal_ore":19,"minecraft:gold_nugget":2,"minecraft:cobbled_deepslate":335,"minecraft:beef":13,"minecraft:written_book":1,"minecraft:chest":1,"minecraft:furnace":3,"minecraft:raw_iron":101,"minecraft:acacia_log":25,"minecraft:porkchop":2,"tombstone:grave_dust":1,"minecraft:diorite":3,"minecraft:carrot":1,"minecraft:stone_sword":1,"vampirism:blood_bottle":2,"minecraft:arrow":14,"minecraft:rotten_flesh":4,"minecraft:beetroot_seeds":3,"minecraft:mutton":3,"minecraft:white_wool":2,"minecraft:cobblestone":124,"minecraft:feather":6,"twilightforest:twilight_oak_log":4,"minecraft:andesite":21,"alexsmobs:acacia_blossom":1,"minecraft:tuff":64,"minecraft:oak_log":5,"minecraft:gunpowder":1,"minecraft:acacia_boat":2,"minecraft:lapis_lazuli":37,"minecraft:dirt":23,"twilightforest:raw_venison":1,"minecraft:bone":9,"vampirism:human_heart":2,"minecraft:acacia_planks":4,"minecraft:wheat_seeds":3,"tombstone:bag_of_seeds":1,"minecraft:acacia_sapling":1,"minecraft:oak_planks":6,"vampirism:ring":1,"minecraft:dandelion":1,"minecraft:sand":3,"justhammers:iron_hammer":1,"sophisticatedbackpacks:iron_backpack":1,"minecraft:spider_eye":1,"minecraft:bundle":1,"minecraft:diamond":71,"evilcraft:dark_gem":5,"minecraft:granite":7,"tombstone:magic_scroll":1,"minecraft:coal":35},"minecraft:mined":{"minecraft:diamond_ore":5,"minecraft:tuff":3,"minecraft:deepslate_diamond_ore":12,"minecraft:granite":13,"minecraft:acacia_log":26,"minecraft:grass_block":11,"minecraft:tall_seagrass":1,"minecraft:furnace":3,"minecraft:iron_ore":85,"minecraft:cobbled_deepslate":5,"minecraft:andesite":21,"twilightforest:twilight_oak_leaves":2,"evilcraft:dark_ore":1,"minecraft:deepslate_iron_ore":6,"minecraft:stone":115,"twilightforest:root_strand":1,"minecraft:oak_fence":2,"minecraft:crafting_table":6,"minecraft:chest":1,"twilightforest:twilight_oak_log":4,"minecraft:tall_grass":9,"minecraft:cobblestone":12,"minecraft:lapis_ore":6,"minecraft:oak_planks":7,"minecraft:diorite":2,"minecraft:ice":1,"minecraft:grass":39,"minecraft:oak_log":5,"minecraft:coal_ore":32,"evilcraft:blood_stain":1,"minecraft:gravel":8,"minecraft:sand":3,"minecraft:dirt":16,"minecraft:acacia_planks":4,"atlantis:ancient_metal_ore":19,"minecraft:deepslate":88},"minecraft:killed_by":{"minecraft:enderman":1,"vampirism:hunter":1},"minecraft:dropped":{"minecraft:cooked_beef":5,"vampirism:human_heart":1,"minecraft:glass_bottle":2,"atlantis:aquamarine_chestplate":1,"minecraft:diamond_leggings":1,"minecraft:feather":5,"minecraft:cobblestone":2,"minecraft:leather":5,"minecraft:stick":2,"minecraft:diamond_helmet":1,"minecraft:gold_nugget":2,"minecraft:iron_pickaxe":1,"minecraft:string":26,"minecraft:dandelion":1,"minecraft:stone_sword":2,"minecraft:cobbled_deepslate":22,"minecraft:rotten_flesh":3,"sophisticatedbackpacks:backpack":1,"justhammers:iron_hammer":2,"minecraft:diamond_sword":1,"minecraft:shield":2,"minecraft:gunpowder":1,"minecraft:diamond_chestplate":1,"minecraft:iron_chestplate":2,"minecraft:beetroot_seeds":3,"atlantis:sword_aquamarine":1,"minecraft:diamond_boots":1,"minecraft:arrow":5},"minecraft:custom":{"minecraft:mob_kills":71,"minecraft:interact_with_crafting_table":44,"minecraft:leave_game":5,"minecraft:time_since_death":42295,"minecraft:climb_one_cm":28,"vampirism:amount_bitten":118,"minecraft:sprint_one_cm":362060,"minecraft:walk_one_cm":250581,"minecraft:damage_blocked_by_shield":791,"minecraft:drop":38,"vampirism:skills_unlocked":4,"minecraft:damage_dealt_absorbed":121,"minecraft:play_time":240004,"minecraft:sneak_time":2245,"minecraft:deaths":3,"minecraft:walk_under_water_one_cm":8094,"minecraft:boat_one_cm":246631,"minecraft:jump":4907,"minecraft:walk_on_water_one_cm":15148,"minecraft:total_world_time":240004,"vampirism:blood_drunk":16200,"minecraft:interact_with_furnace":73,"minecraft:time_since_rest":40912,"minecraft:damage_taken":199821,"minecraft:damage_dealt":11528,"minecraft:swim_one_cm":59994,"minecraft:fly_one_cm":2263027,"minecraft:open_chest":87,"minecraft:crouch_one_cm":6423,"tombstone:undead_killed":23,"minecraft:fall_one_cm":156686},"minecraft:crafted":{"minecraft:oak_planks":20,"atlantis:submarine":1,"minecraft:cooked_chicken":3,"minecraft:furnace":4,"minecraft:stone":22,"minecraft:cooked_mutton":2,"minecraft:glass":3,"minecraft:diamond_helmet":2,"minecraft:diamond_leggings":2,"twilightforest:twilight_oak_planks":16,"minecraft:stone_pickaxe":1,"justhammers:diamond_hammer":1,"minecraft:chest":7,"minecraft:diamond_boots":2,"atlantis:aquamarine_chestplate":1,"atlantis:drop_of_atlantis":2,"minecraft:raw_iron_block":4,"minecraft:cooked_beef":10,"minecraft:diamond_sword":1,"sophisticatedbackpacks:backpack":1,"minecraft:crafting_table":4,"minecraft:wooden_pickaxe":1,"minecraft:cooked_salmon":2,"minecraft:bucket":1,"minecraft:stone_axe":1,"minecraft:acacia_boat":1,"minecraft:air":0,"atlantis:aquamarine_gem":23,"justhammers:iron_hammer":1,"minecraft:gold_nugget":9,"minecraft:iron_chestplate":2,"minecraft:diamond_pickaxe":1,"minecraft:shield":2,"minecraft:stick":20,"minecraft:iron_ingot":55,"minecraft:iron_pickaxe":1,"atlantis:sword_aquamarine":1,"minecraft:stone_sword":1,"atlantis:orb_of_atlantis":1,"minecraft:gold_ingot":1,"atlantis:atlantean_crystal":8,"minecraft:acacia_planks":84,"atlantis:ocean_stone":8,"minecraft:diamond_chestplate":2},"minecraft:killed":{"vampirism:vampire":3,"vampirism:advanced_vampire":1,"minecraft:spider":6,"minecraft:skeleton":10,"minecraft:chicken":4,"minecraft:wolf":1,"twilightforest:kobold":5,"minecraft:creeper":2,"vampirism:hunter":4,"alexsmobs:emu":1,"minecraft:sheep":2,"minecraft:zombie":13,"alexsmobs:gazelle":1,"alexsmobs:crow":1,"minecraft:cow":5,"minecraft:enderman":1}},"DataVersion":3465}