{"stats":{"minecraft:crafted":{"minecraft:wooden_sword":1,"minecraft:cooked_porkchop":2,"minecraft:crafting_table":2,"minecraft:spruce_planks":80,"minecraft:wooden_pickaxe":1,"minecraft:cooked_chicken":4,"minecraft:furnace":2,"minecraft:stone_axe":1,"minecraft:air":0,"minecraft:shield":2,"minecraft:stick":12,"minecraft:iron_ingot":6,"minecraft:iron_pickaxe":1,"minecraft:stone_pickaxe":1,"minecraft:stone_sword":1,"minecraft:spruce_boat":2},"minecraft:dropped":{"minecraft:sweet_berries":6,"atlantis:ancient_metal_ore":2,"minecraft:shield":1,"minecraft:wooden_sword":1,"minecraft:wooden_pickaxe":1},"minecraft:custom":{"minecraft:interact_with_furnace":21,"minecraft:mob_kills":17,"minecraft:interact_with_crafting_table":12,"minecraft:damage_dealt_resisted":385,"minecraft:leave_game":4,"minecraft:time_since_death":14045,"minecraft:time_since_rest":11646,"minecraft:sprint_one_cm":113979,"minecraft:damage_taken":773,"minecraft:walk_one_cm":74832,"minecraft:drop":11,"minecraft:damage_dealt":3215,"minecraft:swim_one_cm":65068,"minecraft:fly_one_cm":274345,"minecraft:crouch_one_cm":2989,"minecraft:play_time":48474,"tombstone:undead_killed":6,"minecraft:deaths":2,"minecraft:sneak_time":887,"minecraft:walk_under_water_one_cm":2294,"minecraft:boat_one_cm":74390,"minecraft:jump":1397,"minecraft:walk_on_water_one_cm":7650,"minecraft:total_world_time":48474,"minecraft:fall_one_cm":44338},"minecraft:used":{"minecraft:stone_sword":88,"minecraft:stone_pickaxe":51,"minecraft:spruce_planks":16,"minecraft:wooden_pickaxe":14,"minecraft:cooked_chicken":2,"minecraft:dirt":2,"minecraft:crafting_table":6,"minecraft:spruce_boat":3,"minecraft:iron_pickaxe":31,"minecraft:stone_axe":21,"minecraft:wooden_sword":3,"minecraft:cobblestone":7,"minecraft:sweet_berries":14,"minecraft:furnace":4,"minecraft:cooked_porkchop":3},"minecraft:killed_by":{"minecraft:creeper":1,"vampirism:vampire":1},"minecraft:picked_up":{"minecraft:crafting_table":4,"minecraft:feather":3,"minecraft:chicken":4,"minecraft:brown_mushroom":4,"minecraft:dirt":2,"minecraft:bone":1,"atlantis:ancient_metal_ore":16,"minecraft:spruce_planks":14,"minecraft:furnace":2,"minecraft:raw_iron":18,"minecraft:cooked_porkchop":1,"minecraft:sweet_berries":17,"minecraft:porkchop":5,"minecraft:spruce_sapling":2,"sophisticatedbackpacks:iron_backpack":1,"minecraft:ink_sac":3,"vampirism:vampire_fang":1,"minecraft:spruce_log":20,"minecraft:rotten_flesh":1,"minecraft:arrow":2,"minecraft:spruce_boat":2,"alexsmobs:maggot":1,"minecraft:coal":44,"minecraft:cobblestone":41},"minecraft:mined":{"minecraft:powder_snow":11,"minecraft:crafting_table":4,"minecraft:grass_block":1,"minecraft:cobblestone":2,"minecraft:spruce_leaves":6,"minecraft:tall_seagrass":1,"minecraft:furnace":2,"minecraft:iron_ore":17,"minecraft:sweet_berry_bush":10,"minecraft:spruce_log":20,"minecraft:coal_ore":25,"minecraft:dirt":1,"atlantis:ancient_metal_ore":16,"minecraft:stone":33,"minecraft:fern":3},"minecraft:killed":{"vampirism:vampire":1,"minecraft:pig":2,"minecraft:spider":1,"alexsmobs:seagull":1,"minecraft:creeper":1,"minecraft:zombie":6,"minecraft:chicken":4,"alexsmobs:fly":1}},"DataVersion":3465}