{"stats":{"minecraft:mined":{"minecraft:tuff":3,"minecraft:deepslate_diamond_ore":12,"minecraft:oak_fence":2,"minecraft:crafting_table":6,"minecraft:granite":13,"minecraft:acacia_log":5,"minecraft:grass_block":3,"minecraft:tall_grass":1,"minecraft:cobblestone":8,"minecraft:lapis_ore":6,"minecraft:oak_planks":1,"minecraft:diorite":1,"minecraft:furnace":3,"minecraft:cobbled_deepslate":2,"minecraft:iron_ore":35,"minecraft:andesite":15,"evilcraft:dark_ore":1,"minecraft:grass":7,"minecraft:deepslate_iron_ore":6,"minecraft:coal_ore":25,"minecraft:oak_log":5,"evilcraft:blood_stain":1,"minecraft:gravel":8,"minecraft:dirt":5,"atlantis:ancient_metal_ore":15,"minecraft:stone":93,"minecraft:deepslate":88},"minecraft:used":{"minecraft:cooked_mutton":2,"minecraft:diamond_boots":1,"minecraft:stone_sword":68,"minecraft:stone_pickaxe":71,"minecraft:wooden_pickaxe":20,"minecraft:cooked_chicken":3,"minecraft:dirt":2,"justhammers:diamond_hammer":31,"minecraft:crafting_table":7,"minecraft:diamond_helmet":1,"justhammers:iron_hammer":92,"minecraft:diamond_pickaxe":118,"minecraft:iron_pickaxe":126,"minecraft:stone_axe":13,"minecraft:cobblestone":51,"minecraft:furnace":5,"minecraft:cooked_beef":5,"minecraft:cobbled_deepslate":66},"minecraft:dropped":{"minecraft:stone_sword":2,"minecraft:cobbled_deepslate":1,"minecraft:glass_bottle":1,"minecraft:diamond_leggings":1,"minecraft:feather":5,"minecraft:cobblestone":2,"minecraft:rotten_flesh":3,"justhammers:iron_hammer":2,"minecraft:stick":2,"minecraft:shield":2,"minecraft:diamond_chestplate":1,"minecraft:iron_chestplate":2,"minecraft:diamond_helmet":1,"minecraft:diamond_boots":1,"minecraft:iron_pickaxe":1},"minecraft:custom":{"minecraft:interact_with_furnace":26,"minecraft:mob_kills":20,"minecraft:interact_with_crafting_table":16,"minecraft:time_since_death":53760,"minecraft:time_since_rest":53760,"vampirism:amount_bitten":31,"minecraft:sprint_one_cm":103261,"minecraft:damage_taken":739,"minecraft:walk_one_cm":95116,"minecraft:drop":20,"vampirism:skills_unlocked":1,"minecraft:damage_dealt":2694,"minecraft:swim_one_cm":6011,"minecraft:fly_one_cm":116339,"minecraft:crouch_one_cm":2042,"minecraft:play_time":53760,"tombstone:undead_killed":5,"minecraft:sneak_time":529,"minecraft:walk_under_water_one_cm":1939,"minecraft:jump":1006,"minecraft:walk_on_water_one_cm":3235,"minecraft:total_world_time":53760,"vampirism:blood_drunk":800,"minecraft:fall_one_cm":37519},"minecraft:picked_up":{"minecraft:iron_chestplate":1,"minecraft:crafting_table":6,"minecraft:feather":5,"minecraft:chicken":4,"minecraft:andesite":15,"minecraft:tuff":64,"minecraft:oak_log":5,"minecraft:shield":1,"minecraft:lapis_lazuli":37,"minecraft:dirt":8,"minecraft:string":2,"minecraft:raw_copper":2,"minecraft:bone":3,"atlantis:ancient_metal_ore":15,"minecraft:wheat_seeds":1,"minecraft:cobbled_deepslate":329,"minecraft:beef":10,"minecraft:furnace":3,"minecraft:raw_iron":52,"vampirism:ring":1,"minecraft:acacia_log":5,"justhammers:iron_hammer":1,"minecraft:diorite":2,"minecraft:carrot":1,"minecraft:stone_sword":1,"minecraft:arrow":3,"vampirism:blood_bottle":1,"minecraft:rotten_flesh":3,"minecraft:diamond":66,"evilcraft:dark_gem":5,"minecraft:granite":7,"minecraft:mutton":3,"minecraft:coal":28,"minecraft:white_wool":2,"minecraft:cobblestone":77},"minecraft:crafted":{"minecraft:cooked_beef":10,"minecraft:oak_planks":20,"minecraft:diamond_sword":1,"minecraft:crafting_table":2,"minecraft:wooden_pickaxe":1,"minecraft:cooked_chicken":3,"minecraft:furnace":2,"minecraft:stone_axe":1,"minecraft:cooked_mutton":2,"minecraft:air":0,"justhammers:iron_hammer":1,"minecraft:diamond_helmet":2,"minecraft:diamond_leggings":2,"minecraft:iron_chestplate":2,"minecraft:diamond_pickaxe":1,"minecraft:shield":2,"minecraft:stick":20,"minecraft:iron_ingot":24,"justhammers:diamond_hammer":1,"minecraft:iron_pickaxe":1,"minecraft:stone_pickaxe":1,"minecraft:stone_sword":1,"minecraft:diamond_boots":2,"minecraft:acacia_planks":16,"minecraft:diamond_chestplate":2},"minecraft:killed":{"vampirism:vampire":1,"vampirism:advanced_vampire":1,"minecraft:spider":1,"minecraft:sheep":2,"minecraft:skeleton":1,"minecraft:zombie":4,"minecraft:chicken":4,"alexsmobs:gazelle":1,"minecraft:cow":5}},"DataVersion":3465}