{"stats":{"minecraft:crafted":{"minecraft:cooked_beef":4,"minecraft:wooden_sword":1,"minecraft:cooked_porkchop":2,"alexsmobs:cooked_lobster_tail":6,"minecraft:crafting_table":3,"minecraft:spruce_planks":80,"minecraft:wooden_pickaxe":1,"minecraft:cooked_chicken":8,"minecraft:iron_sword":1,"minecraft:furnace":3,"minecraft:birch_planks":28,"minecraft:stone_axe":1,"minecraft:air":0,"justhammers:iron_hammer":2,"minecraft:iron_chestplate":1,"minecraft:shield":2,"minecraft:stick":20,"minecraft:iron_ingot":21,"minecraft:iron_pickaxe":1,"minecraft:stone_pickaxe":1,"minecraft:stone_sword":1,"minecraft:spruce_boat":2},"minecraft:dropped":{"alexsmobs:maggot":1,"minecraft:sweet_berries":6,"minecraft:wheat_seeds":2,"minecraft:rotten_flesh":5,"justhammers:iron_hammer":1,"minecraft:filled_map":2,"minecraft:dirt":1,"atlantis:ancient_metal_ore":2,"minecraft:shield":1,"minecraft:diorite":6,"minecraft:spider_eye":1,"minecraft:wooden_sword":1,"minecraft:sand":27,"minecraft:wooden_pickaxe":1,"minecraft:spruce_sapling":2},"minecraft:custom":{"minecraft:interact_with_furnace":52,"minecraft:mob_kills":46,"minecraft:interact_with_crafting_table":21,"minecraft:damage_dealt_resisted":385,"minecraft:leave_game":4,"minecraft:time_since_death":38045,"minecraft:time_since_rest":35646,"minecraft:sprint_one_cm":165931,"minecraft:damage_taken":1232,"minecraft:walk_one_cm":119916,"minecraft:damage_blocked_by_shield":915,"minecraft:drop":28,"minecraft:damage_dealt":6669,"minecraft:swim_one_cm":71014,"minecraft:fly_one_cm":383277,"minecraft:open_chest":1,"minecraft:crouch_one_cm":3219,"minecraft:play_time":72474,"tombstone:undead_killed":16,"minecraft:deaths":2,"minecraft:sneak_time":982,"minecraft:walk_under_water_one_cm":5432,"minecraft:boat_one_cm":105328,"minecraft:jump":2012,"minecraft:walk_on_water_one_cm":9478,"minecraft:total_world_time":72474,"minecraft:fall_one_cm":64618},"minecraft:used":{"minecraft:stone_sword":115,"minecraft:stone_pickaxe":51,"minecraft:shield":11,"minecraft:spruce_planks":20,"minecraft:wooden_pickaxe":14,"minecraft:sandstone":3,"minecraft:iron_sword":52,"minecraft:cooked_chicken":7,"minecraft:rotten_flesh":10,"minecraft:iron_chestplate":1,"minecraft:dirt":5,"minecraft:sand":2,"minecraft:crafting_table":7,"justhammers:iron_hammer":2,"minecraft:spruce_boat":4,"alexsmobs:cooked_lobster_tail":1,"minecraft:iron_pickaxe":74,"minecraft:stone_axe":28,"minecraft:wooden_sword":3,"minecraft:cobblestone":25,"minecraft:sweet_berries":14,"minecraft:furnace":5,"minecraft:cooked_porkchop":3,"tombstone:gift":2},"minecraft:killed_by":{"minecraft:creeper":1,"vampirism:vampire":1},"minecraft:picked_up":{"minecraft:birch_log":7,"minecraft:crafting_table":4,"minecraft:feather":9,"minecraft:chicken":8,"minecraft:brown_mushroom":4,"minecraft:filled_map":1,"minecraft:dirt":7,"minecraft:bone":4,"atlantis:ancient_metal_ore":16,"minecraft:wheat_seeds":2,"minecraft:spruce_planks":14,"minecraft:sugar_cane":7,"minecraft:furnace":2,"minecraft:sandstone":3,"minecraft:raw_iron":24,"minecraft:cooked_porkchop":1,"minecraft:sweet_berries":17,"minecraft:sand":29,"minecraft:porkchop":5,"minecraft:diorite":6,"tombstone:grave_dust":2,"minecraft:spruce_sapling":2,"sophisticatedbackpacks:iron_backpack":1,"minecraft:ink_sac":3,"vampirism:vampire_fang":1,"minecraft:spruce_log":20,"minecraft:spider_eye":1,"minecraft:rotten_flesh":17,"minecraft:arrow":4,"minecraft:spruce_boat":3,"evilcraft:dark_gem":4,"alexsmobs:banana_slug_slime":2,"alexsmobs:maggot":1,"minecraft:coal":47,"alexsmobs:lobster_tail":6,"minecraft:cobblestone":88},"minecraft:killed":{"vampirism:vampire":1,"alexsmobs:lobster":9,"minecraft:pig":2,"minecraft:spider":3,"alexsmobs:seagull":2,"minecraft:creeper":1,"minecraft:skeleton":2,"minecraft:zombie":14,"alexsmobs:banana_slug":1,"minecraft:chicken":8,"alexsmobs:fly":1},"minecraft:mined":{"minecraft:podzol":1,"minecraft:powder_snow":11,"minecraft:crafting_table":4,"minecraft:grass_block":7,"minecraft:cobblestone":4,"minecraft:spruce_leaves":9,"minecraft:sugar_cane":3,"minecraft:diorite":6,"minecraft:sandstone":3,"minecraft:tall_seagrass":1,"minecraft:furnace":2,"minecraft:birch_log":7,"minecraft:iron_ore":22,"minecraft:sweet_berry_bush":10,"minecraft:spruce_log":20,"evilcraft:dark_ore":1,"minecraft:grass":2,"minecraft:coal_ore":28,"minecraft:sand":11,"minecraft:dirt":7,"upgrade_aquatic:beachgrass":1,"atlantis:ancient_metal_ore":16,"minecraft:stone":55,"minecraft:fern":4}},"DataVersion":3465}