{"stats":{"minecraft:mined":{"minecraft:crafting_table":5,"minecraft:granite":7,"minecraft:acacia_log":5,"minecraft:grass_block":2,"minecraft:tall_grass":1,"minecraft:cobblestone":3,"minecraft:diorite":1,"minecraft:furnace":3,"minecraft:iron_ore":35,"minecraft:andesite":6,"evilcraft:dark_ore":1,"minecraft:grass":7,"minecraft:coal_ore":25,"minecraft:oak_log":5,"evilcraft:blood_stain":1,"minecraft:dirt":2,"atlantis:ancient_metal_ore":15,"minecraft:stone":62,"minecraft:deepslate":4},"minecraft:used":{"minecraft:cooked_mutton":2,"minecraft:stone_sword":67,"minecraft:stone_pickaxe":71,"minecraft:wooden_pickaxe":18,"minecraft:cooked_chicken":3,"minecraft:dirt":2,"minecraft:crafting_table":5,"minecraft:iron_pickaxe":75,"minecraft:stone_axe":9,"minecraft:cobblestone":11,"minecraft:furnace":5,"minecraft:cooked_beef":4},"minecraft:dropped":{"minecraft:cobblestone":2,"minecraft:shield":2,"minecraft:iron_chestplate":1},"minecraft:custom":{"minecraft:interact_with_furnace":26,"minecraft:mob_kills":20,"minecraft:interact_with_crafting_table":10,"minecraft:time_since_death":29760,"minecraft:time_since_rest":29760,"minecraft:sprint_one_cm":52806,"minecraft:damage_taken":550,"minecraft:walk_one_cm":44521,"minecraft:drop":5,"minecraft:damage_dealt":2625,"minecraft:swim_one_cm":459,"minecraft:fly_one_cm":104626,"minecraft:crouch_one_cm":1780,"minecraft:play_time":29760,"tombstone:undead_killed":5,"minecraft:sneak_time":453,"minecraft:walk_under_water_one_cm":854,"minecraft:jump":725,"minecraft:walk_on_water_one_cm":1545,"minecraft:total_world_time":29760,"minecraft:fall_one_cm":35742},"minecraft:picked_up":{"minecraft:crafting_table":5,"minecraft:feather":5,"minecraft:chicken":4,"minecraft:andesite":6,"minecraft:oak_log":5,"minecraft:shield":1,"minecraft:dirt":4,"minecraft:string":2,"minecraft:raw_copper":2,"minecraft:bone":3,"atlantis:ancient_metal_ore":15,"minecraft:wheat_seeds":1,"minecraft:cobbled_deepslate":4,"minecraft:beef":10,"minecraft:furnace":3,"minecraft:raw_iron":35,"minecraft:acacia_log":5,"minecraft:diorite":2,"minecraft:carrot":1,"minecraft:arrow":3,"vampirism:blood_bottle":1,"minecraft:rotten_flesh":3,"evilcraft:dark_gem":5,"minecraft:granite":7,"minecraft:mutton":3,"minecraft:coal":28,"minecraft:white_wool":2,"minecraft:cobblestone":73},"minecraft:crafted":{"minecraft:cooked_beef":10,"minecraft:oak_planks":20,"minecraft:crafting_table":1,"minecraft:wooden_pickaxe":1,"minecraft:cooked_chicken":3,"minecraft:furnace":2,"minecraft:stone_axe":1,"minecraft:cooked_mutton":2,"minecraft:air":0,"justhammers:iron_hammer":1,"minecraft:iron_chestplate":2,"minecraft:shield":2,"minecraft:stick":12,"minecraft:iron_ingot":24,"minecraft:iron_pickaxe":1,"minecraft:stone_pickaxe":1,"minecraft:stone_sword":1,"minecraft:acacia_planks":8},"minecraft:killed":{"vampirism:vampire":1,"vampirism:advanced_vampire":1,"minecraft:spider":1,"minecraft:sheep":2,"minecraft:skeleton":1,"minecraft:zombie":4,"minecraft:chicken":4,"alexsmobs:gazelle":1,"minecraft:cow":5}},"DataVersion":3465}