{"stats":{"minecraft:mined":{"minecraft:tuff":3,"minecraft:deepslate_diamond_ore":12,"minecraft:oak_fence":2,"minecraft:crafting_table":6,"minecraft:granite":7,"minecraft:acacia_log":5,"minecraft:grass_block":2,"minecraft:tall_grass":1,"minecraft:cobblestone":3,"minecraft:oak_planks":1,"minecraft:diorite":1,"minecraft:furnace":3,"minecraft:iron_ore":35,"minecraft:andesite":6,"evilcraft:dark_ore":1,"minecraft:grass":7,"minecraft:deepslate_iron_ore":6,"minecraft:coal_ore":25,"minecraft:oak_log":5,"evilcraft:blood_stain":1,"minecraft:gravel":8,"minecraft:dirt":2,"atlantis:ancient_metal_ore":15,"minecraft:stone":62,"minecraft:deepslate":34},"minecraft:used":{"minecraft:cooked_mutton":2,"minecraft:stone_sword":68,"minecraft:stone_pickaxe":71,"minecraft:wooden_pickaxe":18,"minecraft:cooked_chicken":3,"minecraft:dirt":2,"justhammers:diamond_hammer":31,"minecraft:crafting_table":6,"justhammers:iron_hammer":92,"minecraft:iron_pickaxe":126,"minecraft:stone_axe":13,"minecraft:cobblestone":16,"minecraft:furnace":5,"minecraft:cooked_beef":4},"minecraft:dropped":{"minecraft:feather":5,"minecraft:cobblestone":2,"justhammers:iron_hammer":2,"minecraft:shield":2,"minecraft:iron_chestplate":1},"minecraft:custom":{"minecraft:interact_with_furnace":26,"minecraft:mob_kills":20,"minecraft:interact_with_crafting_table":11,"minecraft:time_since_death":41760,"minecraft:time_since_rest":41760,"minecraft:sprint_one_cm":71850,"minecraft:damage_taken":560,"minecraft:walk_one_cm":74991,"minecraft:drop":8,"vampirism:skills_unlocked":1,"minecraft:damage_dealt":2668,"minecraft:swim_one_cm":459,"minecraft:fly_one_cm":107021,"minecraft:crouch_one_cm":2042,"minecraft:play_time":41760,"tombstone:undead_killed":5,"minecraft:sneak_time":519,"minecraft:walk_under_water_one_cm":854,"minecraft:jump":789,"minecraft:walk_on_water_one_cm":1545,"minecraft:total_world_time":41760,"vampirism:blood_drunk":300,"minecraft:fall_one_cm":36557},"minecraft:picked_up":{"minecraft:crafting_table":6,"minecraft:feather":5,"minecraft:chicken":4,"minecraft:andesite":6,"minecraft:tuff":64,"minecraft:oak_log":5,"minecraft:shield":1,"minecraft:dirt":4,"minecraft:string":2,"minecraft:raw_copper":2,"minecraft:bone":3,"atlantis:ancient_metal_ore":15,"minecraft:wheat_seeds":1,"minecraft:cobbled_deepslate":309,"minecraft:beef":10,"minecraft:furnace":3,"minecraft:raw_iron":52,"vampirism:ring":1,"minecraft:acacia_log":5,"justhammers:iron_hammer":1,"minecraft:diorite":2,"minecraft:carrot":1,"minecraft:arrow":3,"vampirism:blood_bottle":1,"minecraft:rotten_flesh":3,"minecraft:diamond":66,"evilcraft:dark_gem":5,"minecraft:granite":7,"minecraft:mutton":3,"minecraft:coal":28,"minecraft:white_wool":2,"minecraft:cobblestone":73},"minecraft:crafted":{"minecraft:cooked_beef":10,"minecraft:oak_planks":20,"minecraft:crafting_table":1,"minecraft:wooden_pickaxe":1,"minecraft:cooked_chicken":3,"minecraft:furnace":2,"minecraft:stone_axe":1,"minecraft:cooked_mutton":2,"minecraft:air":0,"justhammers:iron_hammer":1,"minecraft:iron_chestplate":2,"minecraft:shield":2,"minecraft:stick":16,"minecraft:iron_ingot":24,"justhammers:diamond_hammer":1,"minecraft:iron_pickaxe":1,"minecraft:stone_pickaxe":1,"minecraft:stone_sword":1,"minecraft:acacia_planks":8},"minecraft:killed":{"vampirism:vampire":1,"vampirism:advanced_vampire":1,"minecraft:spider":1,"minecraft:sheep":2,"minecraft:skeleton":1,"minecraft:zombie":4,"minecraft:chicken":4,"alexsmobs:gazelle":1,"minecraft:cow":5}},"DataVersion":3465}