{"stats":{"minecraft:mined":{"minecraft:furnace":3,"minecraft:crafting_table":4,"minecraft:acacia_log":5,"minecraft:grass":7,"minecraft:oak_log":5,"minecraft:grass_block":2,"minecraft:coal_ore":10,"minecraft:dirt":2,"minecraft:tall_grass":1,"minecraft:stone":25},"minecraft:used":{"minecraft:cooked_mutton":2,"minecraft:stone_sword":33,"minecraft:stone_pickaxe":21,"minecraft:wooden_pickaxe":18,"minecraft:cooked_chicken":2,"minecraft:stone_axe":8,"minecraft:dirt":2,"minecraft:cobblestone":1,"minecraft:crafting_table":3,"minecraft:furnace":3},"minecraft:dropped":{"minecraft:cobblestone":2},"minecraft:picked_up":{"minecraft:crafting_table":4,"minecraft:feather":5,"minecraft:chicken":4,"minecraft:acacia_log":5,"minecraft:oak_log":5,"minecraft:dirt":4,"minecraft:bone":1,"minecraft:arrow":1,"minecraft:rotten_flesh":2,"minecraft:wheat_seeds":1,"minecraft:beef":10,"minecraft:mutton":3,"minecraft:coal":13,"minecraft:white_wool":2,"minecraft:cobblestone":27,"minecraft:furnace":3},"minecraft:custom":{"minecraft:time_since_rest":17760,"minecraft:interact_with_furnace":13,"minecraft:sprint_one_cm":32301,"minecraft:damage_taken":270,"minecraft:walk_one_cm":21116,"minecraft:mob_kills":13,"minecraft:drop":2,"minecraft:damage_dealt":1063,"minecraft:swim_one_cm":345,"minecraft:interact_with_crafting_table":6,"minecraft:fly_one_cm":75365,"minecraft:crouch_one_cm":659,"minecraft:play_time":17760,"tombstone:undead_killed":1,"minecraft:sneak_time":160,"minecraft:walk_under_water_one_cm":738,"minecraft:jump":462,"minecraft:walk_on_water_one_cm":301,"minecraft:time_since_death":17760,"minecraft:total_world_time":17760,"minecraft:fall_one_cm":26150},"minecraft:crafted":{"minecraft:cooked_beef":10,"minecraft:oak_planks":20,"minecraft:crafting_table":1,"minecraft:stick":8,"minecraft:cooked_chicken":3,"minecraft:wooden_pickaxe":1,"minecraft:stone_pickaxe":1,"minecraft:stone_sword":1,"minecraft:furnace":2,"minecraft:stone_axe":1,"minecraft:air":0,"minecraft:cooked_mutton":2},"minecraft:killed":{"minecraft:skeleton":1,"minecraft:sheep":2,"minecraft:chicken":4,"alexsmobs:gazelle":1,"minecraft:cow":5}},"DataVersion":3465}