{"stats":{"minecraft:crafted":{"minecraft:wooden_sword":1,"minecraft:cooked_porkchop":2,"minecraft:crafting_table":2,"minecraft:spruce_planks":80,"minecraft:wooden_pickaxe":1,"minecraft:cooked_chicken":4,"minecraft:iron_sword":1,"minecraft:furnace":2,"minecraft:stone_axe":1,"minecraft:air":0,"minecraft:iron_chestplate":1,"minecraft:shield":2,"minecraft:stick":12,"minecraft:iron_ingot":15,"minecraft:iron_pickaxe":1,"minecraft:stone_pickaxe":1,"minecraft:stone_sword":1,"minecraft:spruce_boat":2},"minecraft:dropped":{"minecraft:sweet_berries":6,"minecraft:rotten_flesh":5,"atlantis:ancient_metal_ore":2,"minecraft:shield":1,"minecraft:wooden_sword":1,"minecraft:wooden_pickaxe":1},"minecraft:custom":{"minecraft:interact_with_furnace":27,"minecraft:mob_kills":33,"minecraft:interact_with_crafting_table":15,"minecraft:damage_dealt_resisted":385,"minecraft:leave_game":4,"minecraft:time_since_death":26045,"minecraft:time_since_rest":23646,"minecraft:sprint_one_cm":142476,"minecraft:damage_taken":1212,"minecraft:walk_one_cm":100848,"minecraft:damage_blocked_by_shield":915,"minecraft:drop":16,"minecraft:damage_dealt":6059,"minecraft:swim_one_cm":65644,"minecraft:fly_one_cm":339696,"minecraft:open_chest":1,"minecraft:crouch_one_cm":3213,"minecraft:play_time":60474,"tombstone:undead_killed":16,"minecraft:deaths":2,"minecraft:sneak_time":942,"minecraft:walk_under_water_one_cm":2460,"minecraft:boat_one_cm":74390,"minecraft:jump":1769,"minecraft:walk_on_water_one_cm":7732,"minecraft:total_world_time":60474,"minecraft:fall_one_cm":58869},"minecraft:used":{"minecraft:stone_sword":115,"minecraft:stone_pickaxe":51,"minecraft:shield":11,"minecraft:spruce_planks":16,"minecraft:wooden_pickaxe":14,"minecraft:iron_sword":36,"minecraft:cooked_chicken":4,"minecraft:rotten_flesh":10,"minecraft:iron_chestplate":1,"minecraft:dirt":5,"minecraft:crafting_table":6,"minecraft:spruce_boat":3,"minecraft:iron_pickaxe":42,"minecraft:stone_axe":21,"minecraft:wooden_sword":3,"minecraft:cobblestone":17,"minecraft:sweet_berries":14,"minecraft:furnace":4,"minecraft:cooked_porkchop":3,"tombstone:gift":2},"minecraft:killed_by":{"minecraft:creeper":1,"vampirism:vampire":1},"minecraft:picked_up":{"minecraft:crafting_table":4,"minecraft:feather":4,"minecraft:chicken":4,"minecraft:brown_mushroom":4,"minecraft:dirt":6,"minecraft:bone":4,"atlantis:ancient_metal_ore":16,"minecraft:spruce_planks":14,"minecraft:furnace":2,"minecraft:raw_iron":24,"minecraft:cooked_porkchop":1,"minecraft:sweet_berries":17,"minecraft:sand":1,"minecraft:porkchop":5,"tombstone:grave_dust":2,"minecraft:spruce_sapling":2,"sophisticatedbackpacks:iron_backpack":1,"minecraft:ink_sac":3,"vampirism:vampire_fang":1,"minecraft:spruce_log":20,"minecraft:spider_eye":1,"minecraft:rotten_flesh":17,"minecraft:arrow":4,"minecraft:spruce_boat":2,"evilcraft:dark_gem":4,"alexsmobs:banana_slug_slime":2,"alexsmobs:maggot":1,"minecraft:coal":47,"minecraft:cobblestone":48},"minecraft:killed":{"vampirism:vampire":1,"minecraft:pig":2,"minecraft:spider":3,"alexsmobs:seagull":2,"minecraft:creeper":1,"minecraft:skeleton":2,"minecraft:zombie":14,"alexsmobs:banana_slug":1,"minecraft:chicken":4,"alexsmobs:fly":1},"minecraft:mined":{"minecraft:podzol":1,"minecraft:powder_snow":11,"minecraft:crafting_table":4,"minecraft:grass_block":2,"minecraft:cobblestone":4,"minecraft:spruce_leaves":9,"minecraft:tall_seagrass":1,"minecraft:furnace":2,"minecraft:iron_ore":22,"minecraft:sweet_berry_bush":10,"minecraft:spruce_log":20,"evilcraft:dark_ore":1,"minecraft:coal_ore":28,"minecraft:sand":1,"minecraft:dirt":3,"atlantis:ancient_metal_ore":16,"minecraft:stone":33,"minecraft:fern":4}},"DataVersion":3465}